,0
Maternal weight measured at pregnancy week 26 GUSTO visit,"Birth weight, Placental weight (maternal genotype, adjusted for sex and gestational age), Placental weight (fetal genotype, adjusted for sex and gestational age), Gestational diabetes, Gestational age at birth (maternal effect)"
Maternal height measured at gestational week 26 GUSTO visit,"Gestational age (maternal effect), Birth weight, Infant length, Gestational duration, Placental weight (maternal genotype, adjusted for sex and gestational age)"
"Maternal body mass index (BMI) at gestational week 26 GUSTO visit, calculated from weight and height at pw26 visit","Preterm birth (maternal effect) (maternal pre-pregnancy BMI interaction), Gestational diabetes mellitus, Gestational diabetes, Gestational age at birth in labor-initiated deliveries (maternal effect), Gestational age (maternal effect)"
"Energy in kcal, from 24hr recall food and supplement intake","Energy expenditure (24h), Energy intake, Basal metabolic rate (UKB data field 23105), Resting metabolic rate, Dietary macronutrient intake"
"Energy in kcal, without outliers which are less than 800 kcal from 24hr recall food and supplement intake","Energy expenditure (24h), Energy intake, Dietary macronutrient intake, Basal metabolic rate (UKB data field 23105), Dietary macronutrient intake (multi-trait analysis)"
"Energy in kcal, without outliers which are less than 500 kcal from 24hr recall food and supplement intake","Energy intake, Basal metabolic rate (UKB data field 23105), Dietary macronutrient intake, Energy expenditure, Basal metabolic rate variance"
"Protein in g, from 24hr recall food and supplement intake","Serum total protein levels, Blood protein levels, Serum levels of protein SELL, Serum levels of protein REG3G, Serum levels of protein RECQL"
"Carbohydrate in g, from 24hr recall food and supplement intake","Relative carbohydrate intake, Fasting glucose levels x carbohydrate intake interaction (2df), HbA1c levels x carbohydrate intake interaction (2df), Dietary macronutrient intake (multi-trait analysis), Relative sugar intake"
"Total Fat in g, from 24hr recall food and supplement intake","Saturated fatty acids levels (UKB data field 23448), Monounsaturated fatty acids levels (UKB data field 23447), Polyunsaturated fatty acids levels (UKB data field 23446), Omega-6 fatty acids levels (UKB data field 23445), Omega-3 fatty acids levels (UKB data field 23444)"
"Carbohydrate in Percentage, from 24hr recall food and supplement intake","Relative carbohydrate intake, Dietary macronutrient intake, Relative sugar intake, Glucose meal response (LMM), Fasting glucose levels x carbohydrate intake interaction (2df)"
"Protein in Percentage, from 24hr recall food and supplement intake","Total protein levels (UKB data field 30860), Serum total protein levels, Serum protein levels (sST2), Total protein levels (adjusted for BMI) x vegetarianism interaction, Total protein levels x vegetarianism interaction."
"Fat in Percentage, from 24hr recall food and supplement intake","Body fat percentage, Body fat percentage (aged 40-50 years), Body fat percentage (aged 64-69 years), Body fat percentage variance, Body fat rate."
"Saturated Fat in g, from 24hr recall food and supplement intake","Saturated fatty acids levels (UKB data field 23448), Saturated fatty acid levels, Fasting saturated fatty acids, Postprandial saturated fatty acids, Saturated fatty acids to total fatty acids percentage (UKB data field 23455)"
"Monounsaturated Fat in g, from 24hr recall food and supplement intake","Monounsaturated fatty acids (16:1, 18:1), Monounsaturated fatty acids levels (UKB data field 23447), Fasting monounsaturated fatty acids (16:1, 18:1), Monounsaturated fatty acid levels, Monounsaturated fatty acids."
"Polyunsaturated Fat in g, from 24hr recall food and supplement intake","Polyunsaturated fatty acids, Polyunsaturated fatty acids levels (UKB data field 23446), Serum polyunsaturated fatty acid concentration x Mediterranean diet adherence interaction in metabolic syndrome, Fasting polyunsaturated fatty acids, Postprandial polyunsaturated fatty acids."
"Cholesterol in mg, from 24hr recall food and supplement intake","Cholesterol, total, Serum total cholesterol levels, Total cholesterol levels (UKB data field 23400), Total cholesterol levels, VLDL cholesterol levels (UKB data field 23403)"
"Vitamin A in mcg, from 24hr recall food and supplement intake","Retinol (Vitamin A) levels, Vitamin levels, Response to Vitamin E supplementation, Dietary macronutrient intake, Vitamin B1 intake"
"Calcium in mg, from 24hr recall food and supplement intake","Calcium in mg, from 24hr recall food and supplement intake, Calcium levels, Serum calcium levels, Plasma calcium levels, Urinary calcium excretion"
"Starch in g, from 24hr recall food and supplement intake","Relative carbohydrate intake, Principal component-derived dietary pattern 45, Principal component-derived dietary pattern 30, Principal component-derived dietary pattern 35, Principal component-derived dietary pattern 39"
"Sugar in g, from 24hr recall food and supplement intake","Relative sugar intake, Intake of total sugars, Sugar-sweetened beverage consumption, Intake of sweets, Never eat sugar vs no sugar restrictions (UKB data field 6144)"
"Dietary Fibre in g, from 24hr recall food and supplement intake","Dietary macronutrient intake (multi-trait analysis), Principal component-derived dietary pattern 30, Principal component-derived dietary pattern 40, Vegetable intake (standard GWA), Principal component-derived dietary pattern 24"
"B Carotene in mcg, from 24hr recall food and supplement intake","Carotenoid levels (alpha-carotene), Carotene diol (1) levels, Carotene diol (2) levels, Carotene diol (1) levels in elite athletes, Carotene diol (2) levels in elite athletes"
"Retinol in mcg, from 24hr recall food and supplement intake","Retinol (Vitamin A) levels, Retinol-binding protein 1 levels, Retinol-binding protein 2 levels, Retinol-binding protein 4 levels, Retinol-binding protein 5 levels."
"Iron in mg, from 24hr recall food and supplement intake","Iron levels, Serum iron levels, Iron status biomarkers (ferritin levels), Iron deficiency anemia, Iron status biomarkers (transferrin levels)"
"Vitamin C in mg, from 24hr recall food and supplement intake","Vitamin C levels, Response to Vitamin E supplementation, Treatment or medication use - vitamin e product (UKB data field 20003_1140871112), Vitamin D levels (dietary vitamin D intake interaction), Vitamin E levels"
"Sodium in mg, from 24hr recall food and supplement intake","Sodium intake, Urinary sodium levels, Urinary sodium excretion, Added salt consumption, Urinary sodium to creatinine ratio"
"Thiamin in mg, from 24hr recall food and supplement intake","Vitamin B1 intake, Thiamin pyrophosphokinase 1 levels, Serum magnesium levels, Urinary magnesium excretion, Plasma magnesium levels"
"Riboflavin in mg, from 24hr recall food and supplement intake","Riboflavin kinase levels (RFK.13059.33.3), Riboflavin to 3-Indolepropionic acid ratio in coronary artery disease, Riboflavin kinase levels, Metabolite levels (ribose), Metabolite levels (ribitol)"
"Potassium in mg, from 24hr recall food and supplement intake","Potassium levels, Urinary potassium levels, Urinary potassium excretion, Plasma metabolome feature (c18_126) (Potassium bicarbonate), Urinary potassium to creatinine ratio."
"Phosphorus in mg, from 24hr recall food and supplement intake","Phosphorus intake, Serum phosphate levels, Phosphate levels, Phosphate levels (adjusted for BMI) x vegetarianism interaction, Phosphate levels x vegetarianism interaction."
"Zinc in mg, from 24hr recall food and supplement intake","Zinc intake, Serum zinc levels, Plasma zinc levels, Blood trace element (Zn levels), Immunoglobulin measurement (zinc sulfate turbidity test)"
"Selenium in mcg, from 24hr recall food and supplement intake","Response to selenium supplementation (change in plasma selenium concentration), Serum selenium levels, Plasma selenium levels, Plasma selenium concentration, Toenail selenium levels."
Maternal Plasma Sodium concentration (mg/L) at pregnancy week 26,"Sodium levels, Urinary sodium levels, Urinary sodium excretion, Blood osmolality (transformed sodium), Sodium intake."
Maternal Plasma Magnesium concentration (mg/L) at pregnancy week 26,"Serum magnesium levels, Plasma magnesium levels, Magnesium levels, Urinary magnesium excretion, Urinary magnesium-to-creatinine ratio."
Maternal Magnesium deficiency - Sufficient (≥ 20.68 mg/L); Marginally deficient (≥ 18.25 mg/L or < 20.68 mg/L); Deficient (< 18.25 mg/L) at pregnancy week 26,"Magnesium levels, Serum magnesium levels, Plasma magnesium levels, Urinary magnesium-to-creatinine ratio, Urinary magnesium excretion"
Maternal Plasma Phosphorus concentration (mg/L) at pregnancy week 26,"Phosphorus levels, Serum phosphate levels, Phosphate levels, Alkaline phosphatase, placental type levels, Phosphorus intake."
Maternal Plasma Potassium concentration (mg/L) at pregnancy week 26,"Potassium levels, Urinary potassium levels, Urinary potassium excretion, Urinary potassium to creatinine ratio, Blood pressure measurement (high sodium and potassium intervention)"
Maternal Plasma Calcium concentration (mg/L) at pregnancy week 26,"Serum calcium levels, Plasma calcium levels, Calcium levels, Calcium levels (UKB data field 30680), Urinary calcium excretion."
Maternal Plasma Iron concentration (ug/L) at pregnancy week 26,"Plasma iron levels, Serum iron levels, Iron status biomarkers (iron levels), Iron status biomarkers, Iron status biomarkers (ferritin levels)"
Maternal Iron deficiency - Sufficient (≥ 558.8 ug/L); Deficient (< 558.6 ug/L) at pregnancy week 26,"Iron deficiency anemia, Serum iron levels, Iron status biomarkers (ferritin levels), Iron status biomarkers (total iron binding capacity), Iron status biomarkers (transferrin saturation)"
Maternal Plasma Ferritin concentration (ng/mL) at pregnancy week 26,"Ferritin levels, Ferritin levels (FTH1.FTL.3031.66.1), Iron status biomarkers (ferritin levels), Ferritin level (brain), Ferritin, mitochondrial levels."
Maternal Ferritin deficiency - Sufficient (≥ 15 ng/mL); Deficient (< 15ng/mL) at pregnancy week 26,"Ferritin levels, Ferritin levels (FTH1.FTL.3031.66.1), Iron status biomarkers (ferritin levels), Serum iron levels, Hepcidin/ferritin ratio."
Maternal Plasma Copper concentration (µg/L) at pregnancy week 26,"Plasma copper levels, Serum copper levels, Blood trace element (Cu levels), Copper levels, Copper homeostasis protein cutC homolog levels."
Maternal Copper deficiency - Sufficient (≥ 900 ug/L); Deficient (< 900 ug/L) at pregnancy week 26,"Serum copper levels, Blood trace element (Cu levels), Plasma copper levels, Copper levels, Copper homeostasis protein cutC homolog levels"
Maternal Plasma Zinc concentration (µg/L) at pregnancy week 26,"Serum zinc levels, Plasma zinc levels, Zinc levels, Blood trace element (Zn levels), Zinc intake."
Maternal Zinc deficiency - Sufficient (≥700 ug/L); Deficient (< 700 ug/L) at pregnancy week 26,"Serum zinc levels, Plasma zinc levels, Blood trace element (Zn levels), Zinc intake, Zinc-alpha-2-glycoprotein levels"
Maternal Plasma Selenium concentration (ug/L) at pregnancy week 26,"Midgestational selenium levels, Serum selenium levels, Plasma selenium levels, Plasma selenium concentration, Blood trace element (Se levels)"
Maternal Plasma Folate (ng/ml) at pregnancy week 26,"Serum folate levels, Folate pathway vitamin levels, Red blood cell folate levels, Folate receptor alpha levels, Folate receptor beta levels"
Maternal Folate deficiency - Sufficient (> 6 ng/ml); Deficient (< 6 ng/mL) at pregnancy week 26,"Serum folate levels, Folate pathway vitamin levels, Red blood cell folate levels, Folate receptor beta levels, Folate receptor alpha levels."
Maternal Transferrin Receptor Levels - Transferrin Receptor Levels (nM/L) at pregnancy week 26,"Transferrin receptor protein 1 levels (TFRC.8795.48.3), Transferrin receptor protein 1 levels, Transferrin receptor protein 2 levels, Iron status biomarkers (transferrin levels), Iron status biomarkers (transferrin saturation)"
Maternal Plasma Fatty Acids - Plasma_Myristic_conc_mcg_ml at pregnancy week 26,"Fatty acids (14:0) levels, Plasma omega-6 polyunsaturated fatty acid levels (linoleic acid), Plasma omega-6 polyunsaturated fatty acid levels (gamma-linolenic acid), Plasma omega-6 polyunsaturated fatty acid levels (arachidonic acid), Plasma omega-6 polyunsaturated fatty acid levels (dihomo-gamma-linolenic acid)"
Maternal Plasma Fatty Acids - Plasma_Myristic_percent at pregnancy week 26,"Fatty acids (14:0) levels, Plasma omega-6 polyunsaturated fatty acid levels (linoleic acid), Fatty acids (15:0) levels, Total fatty acids levels (UKB data field 23442), Monounsaturated fatty acids levels (UKB data field 23447)"
Maternal Plasma Fatty Acids - Plasma_Palmitic_conc_mcg_ml at pregnancy week 26,"Plasma omega-6 polyunsaturated fatty acid levels (linoleic acid), Plasma omega-6 polyunsaturated fatty acid levels (arachidonic acid), Plasma omega-6 polyunsaturated fatty acid levels (dihomo-gamma-linolenic acid), Plasma omega-6 polyunsaturated fatty acid levels (gamma-linolenic acid), Plasma omega-6 polyunsaturated fatty acid levels (adrenic acid)"
Maternal Plasma Fatty Acids - Plasma_Palmitic_percent at pregnancy week 26,"Plasma omega-6 polyunsaturated fatty acid levels (linoleic acid), Plasma omega-6 polyunsaturated fatty acid levels (dihomo-gamma-linolenic acid), Plasma omega-6 polyunsaturated fatty acid levels (arachidonic acid), Plasma omega-6 polyunsaturated fatty acid levels (gamma-linolenic acid), Plasma omega-6 polyunsaturated fatty acid levels (adrenic acid)"
Maternal Plasma Fatty Acids - Plasma_Palmitoleic_conc_mcg_ml at pregnancy week 26,"Monounsaturated fatty acids (16:1, 18:1) levels, Postprandial monounsaturated fatty acids (16:1, 18:1), Monounsaturated fatty acid levels, Monounsaturated fatty acids levels (UKB data field 23447), Serum linoleic acid concentration in metabolic syndrome."
Maternal Plasma Fatty Acids - Plasma_Palmitoleic_percent at pregnancy week 26,"Palmitoleic acid levels, Monounsaturated fatty acids (16:1, 18:1) levels, Postprandial monounsaturated fatty acids (16:1, 18:1), Monounsaturated fatty acids levels (UKB data field 23447), Total monounsaturated fatty acids levels."
Maternal Plasma Fatty Acids - Plasma_Stearic_conc_mcg_ml at pregnancy week 26,"Plasma omega-6 polyunsaturated fatty acid levels (linoleic acid), Plasma omega-3 polyunsaturated fatty acid levels (docosahexaenoic acid), Plasma omega-6 polyunsaturated fatty acid levels (dihomo-gamma-linolenic acid), Plasma omega-3 polyunsaturated fatty acid levels (docosapentaenoic acid), Plasma omega-6 polyunsaturated fatty acid levels (arachidonic acid)"
Maternal Plasma Fatty Acids - Plasma_Stearic_percent at pregnancy week 26,"Breast milk fatty acid composition (maternal genotype effect), Fatty acids (15:0) levels, Fatty acids (20:5) levels, Monounsaturated fatty acids (16:1, 18:1) levels, Total fatty acid levels."
Maternal Plasma Fatty Acids - Plasma_Oleic_conc_mcg_ml at pregnancy week 26,"Monounsaturated fatty acids (16:1, 18:1) levels, Monounsaturated fatty acids levels (UKB data field 23447), Fasting monounsaturated fatty acids (16:1, 18:1), Postprandial monounsaturated fatty acids (16:1, 18:1), Monounsaturated fatty acid levels"
Maternal Plasma Fatty Acids - Plasma_Oleic_percent at pregnancy week 26,"Monounsaturated fatty acids (16:1, 18:1) levels, Monounsaturated fatty acids levels (UKB data field 23447), Postprandial monounsaturated fatty acids (16:1, 18:1), Total fatty acids levels (UKB data field 23442), Total fatty acid levels"
Maternal Plasma Fatty Acids - Plasma_cis_Vaccenic_conc_mcg_ml at pregnancy week 26,"Plasma omega-6 polyunsaturated fatty acid levels (linoleic acid), Plasma omega-6 polyunsaturated fatty acid levels (dihomo-gamma-linolenic acid), Plasma omega-6 polyunsaturated fatty acid levels (gamma-linolenic acid), Plasma omega-6 polyunsaturated fatty acid levels (arachidonic acid), Plasma omega-6 polyunsaturated fatty acid levels (adrenic acid)"
Maternal Plasma Fatty Acids - Plasma_cis_Vaccenic_percent at pregnancy week 26,"Monounsaturated fatty acids (16:1, 18:1) levels, Total fatty acids levels (UKB data field 23442), Polyunsaturated fatty acids levels (UKB data field 23446), Plasma omega-6 polyunsaturated fatty acid levels (arachidonic acid), Plasma omega-6 polyunsaturated fatty acid levels (linoleic acid)"
Maternal Plasma Fatty Acids - Plasma_Linoleic_conc_mcg_ml at pregnancy week 26,"Plasma omega-6 polyunsaturated fatty acid levels (linoleic acid), Plasma omega-6 polyunsaturated fatty acid levels (dihomo-gamma-linolenic acid), Plasma omega-6 polyunsaturated fatty acid levels (gamma-linolenic acid), Serum linoleic acid concentration in metabolic syndrome, Breast milk fatty acid composition (maternal genotype effect)"
Maternal Plasma Fatty Acids - Plasma_Linoleic_percent at pregnancy week 26,"Plasma omega-6 polyunsaturated fatty acid levels (linoleic acid), Plasma omega-6 polyunsaturated fatty acid levels (gamma-linolenic acid), Plasma omega-6 polyunsaturated fatty acid levels (dihomo-gamma-linolenic acid), Serum linoleic acid concentration in metabolic syndrome, Linoleic acid to total fatty acids percentage (UKB data field 23456)"
Maternal Plasma Fatty Acids - Plasma_Linolenic_n6_conc_mcg_ml at pregnancy week 26,"Plasma omega-6 polyunsaturated fatty acid levels (linoleic acid), Plasma omega-6 polyunsaturated fatty acid levels (dihomo-gamma-linolenic acid), Plasma omega-6 polyunsaturated fatty acid levels (gamma-linolenic acid), Plasma omega-6 polyunsaturated fatty acid levels (arachidonic acid), Serum omega-6 polyunsaturated fatty acid concentration in metabolic syndrome."
Maternal Plasma Fatty Acids - Plasma_Linolenic_n6_percent at pregnancy week 26,"Plasma omega-6 polyunsaturated fatty acid levels (linoleic acid), Plasma omega-6 polyunsaturated fatty acid levels (gamma-linolenic acid), Plasma omega-6 polyunsaturated fatty acid levels (dihomo-gamma-linolenic acid), Serum omega-6 polyunsaturated fatty acid concentration in metabolic syndrome, Plasma omega-6 polyunsaturated fatty acid levels (arachidonic acid)"
Maternal Plasma Fatty Acids - Plasma_Linolenic_n3_conc_mcg_ml at pregnancy week 26,"Plasma omega-3 polyunsaturated fatty acid levels (alphalinolenic acid), Plasma omega-6 polyunsaturated fatty acid levels (gamma-linolenic acid), Plasma omega-6 polyunsaturated fatty acid levels (dihomo-gamma-linolenic acid), Plasma omega-6 polyunsaturated fatty acid levels (linoleic acid), Breast milk fatty acid composition (maternal genotype effect)"
Maternal Plasma Fatty Acids - Plasma_Linolenic_n3_percent at pregnancy week 26,"Plasma omega-3 polyunsaturated fatty acid levels (alphalinolenic acid), Plasma omega-3 polyunsaturated fatty acid levels (docosahexaenoic acid), Plasma omega-3 polyunsaturated fatty acid level (eicosapentaenoic acid), Plasma omega-3 polyunsaturated fatty acid levels (docosapentaenoic acid), Omega-3 fatty acids levels (UKB data field 23444)"
Maternal Plasma Fatty Acids - Plasma_20_0_conc_mcg_ml at pregnancy week 26,"Very long-chain saturated fatty acid levels (fatty acid 20:0), Fatty acids (20:5) levels, Plasma omega-3 polyunsaturated fatty acid levels (docosapentaenoic acid), Plasma omega-6 polyunsaturated fatty acid levels (arachidonic acid), Plasma omega-3 polyunsaturated fatty acid level (eicosapentaenoic acid)"
Maternal Plasma Fatty Acids - Plasma_20_0_percent at pregnancy week 26,"Very long-chain saturated fatty acid levels (fatty acid 20:0), Fatty acids (20:3)W6 levels, Fatty acid(20:3)_[M-H]1- levels, Plasma omega-6 polyunsaturated fatty acid levels (arachidonic acid), Fatty acid(20:4)_[M-H]1- levels"
Maternal Plasma Fatty Acids - Plasma_20_1_n9_conc_mcg_ml at pregnancy week 26,"Monounsaturated fatty acids (16:1, 18:1) levels, Postprandial monounsaturated fatty acids (16:1, 18:1), Plasma omega-6 polyunsaturated fatty acid levels (arachidonic acid), Plasma omega-6 polyunsaturated fatty acid levels (dihomo-gamma-linolenic acid), Plasma omega-6 polyunsaturated fatty acid levels (linoleic acid)"
Maternal Plasma Fatty Acids - Plasma_20_1_n9_percent at pregnancy week 26,"Plasma omega-6 polyunsaturated fatty acid levels (arachidonic acid), Plasma omega-6 polyunsaturated fatty acid levels (dihomo-gamma-linolenic acid), Plasma omega-6 polyunsaturated fatty acid levels (gamma-linolenic acid), Plasma omega-6 polyunsaturated fatty acid levels (linoleic acid), Plasma omega-6 polyunsaturated fatty acid levels (adrenic acid)"
Maternal Plasma Fatty Acids - Plasma_20_2_n6_conc_mcg_ml at pregnancy week 26,"Plasma omega-6 polyunsaturated fatty acid levels (arachidonic acid), Plasma omega-6 polyunsaturated fatty acid levels (linoleic acid), Plasma omega-6 polyunsaturated fatty acid levels (dihomo-gamma-linolenic acid), Plasma omega-6 polyunsaturated fatty acid levels (gamma-linolenic acid), Plasma omega-6 polyunsaturated fatty acid levels (adrenic acid)"
Maternal Plasma Fatty Acids - Plasma_20_2_n6_percent at pregnancy week 26,"Plasma omega-6 polyunsaturated fatty acid levels (linoleic acid), Plasma omega-6 polyunsaturated fatty acid levels (dihomo-gamma-linolenic acid), Plasma omega-6 polyunsaturated fatty acid levels (arachidonic acid), Plasma omega-6 polyunsaturated fatty acid levels (gamma-linolenic acid), Plasma omega-6 polyunsaturated fatty acid levels (adrenic acid)"
Maternal Plasma Fatty Acids - Plasma_20_3_n6_conc_mcg_ml at pregnancy week 26,"Fatty acids (20:3)W6 levels, Plasma omega-6 polyunsaturated fatty acid levels (dihomo-gamma-linolenic acid), Plasma omega-6 polyunsaturated fatty acid levels (arachidonic acid), Plasma omega-6 polyunsaturated fatty acid levels (adrenic acid), Fatty acid(20:3)_[M-H]1- levels."
Maternal Plasma Fatty Acids - Plasma_20_3_n6_percent at pregnancy week 26,"Fatty acids (20:3)W6 levels, Plasma omega-6 polyunsaturated fatty acid levels (dihomo-gamma-linolenic acid), Plasma omega-6 polyunsaturated fatty acid levels (arachidonic acid), Plasma omega-6 polyunsaturated fatty acid levels (gamma-linolenic acid), Plasma omega-6 polyunsaturated fatty acid levels (linoleic acid)"
Maternal Plasma Fatty Acids - Plasma_Arachidonic_n6_conc_mcg_ml at pregnancy week 26,"Plasma omega-6 polyunsaturated fatty acid levels (arachidonic acid), Plasma omega-6 polyunsaturated fatty acid levels (linoleic acid), Plasma omega-6 polyunsaturated fatty acid levels (dihomo-gamma-linolenic acid), Plasma omega-6 polyunsaturated fatty acid levels (adrenic acid), Plasma omega-6 polyunsaturated fatty acid levels (gamma-linolenic acid)"
Maternal Plasma Fatty Acids - Plasma_Arachidonic_n6_percent at pregnancy week 26,"Plasma omega-6 polyunsaturated fatty acid levels (arachidonic acid), Plasma omega-6 polyunsaturated fatty acid levels (linoleic acid), Plasma omega-6 polyunsaturated fatty acid levels (dihomo-gamma-linolenic acid), Plasma omega-6 polyunsaturated fatty acid levels (gamma-linolenic acid), Plasma omega-6 polyunsaturated fatty acid levels (adrenic acid)"
Maternal Plasma Fatty Acids - Plasma_22_0_conc_mcg_ml at pregnancy week 26,"Very long-chain saturated fatty acid levels (fatty acid 22:0), Plasma omega-6 polyunsaturated fatty acid levels (arachidonic acid), Plasma omega-3 polyunsaturated fatty acid levels (docosahexaenoic acid), Plasma omega-6 polyunsaturated fatty acid levels (linoleic acid), Plasma omega-3 polyunsaturated fatty acid level (eicosapentaenoic acid)"
Maternal Plasma Fatty Acids - Plasma_22_0_percent at pregnancy week 26,"Very long-chain saturated fatty acid levels (fatty acid 22:0), Fatty acid(22:4)_[M-H]1- levels, Fatty acid(22:5)_[M-H]1- levels, Fatty acid(22:6)_[M-H]1- levels, Plasma omega-3 polyunsaturated fatty acid levels (docosahexaenoic acid)"
Maternal Plasma Fatty Acids - Plasma_20_4_n3_conc_mcg_ml at pregnancy week 26,"Plasma omega-6 polyunsaturated fatty acid levels (arachidonic acid), Fatty acid(20:4)_[M-H]1- levels, Plasma omega-6 polyunsaturated fatty acid levels (dihomo-gamma-linolenic acid), Plasma omega-6 polyunsaturated fatty acid levels (gamma-linolenic acid), Plasma omega-6 polyunsaturated fatty acid levels (linoleic acid)"
Maternal Plasma Fatty Acids - Plasma_20_4_n3_percent at pregnancy week 26,"Plasma omega-6 polyunsaturated fatty acid levels (arachidonic acid), Fatty acid(20:4)_[M-H]1- levels, Plasma omega-6 polyunsaturated fatty acid levels (dihomo-gamma-linolenic acid), Plasma omega-6 polyunsaturated fatty acid levels (gamma-linolenic acid), Plasma omega-6 polyunsaturated fatty acid levels (linoleic acid)"
Maternal Plasma Fatty Acids - Plasma_EPA_conc_mcg_ml at pregnancy week 26,"Plasma omega-3 polyunsaturated fatty acid levels (eicosapentaenoic acid), Fatty acids (20:5) levels, Serum omega-3 polyunsaturated fatty acid concentration in metabolic syndrome, Omega-3 fatty acids levels (UKB data field 23444), Plasma omega-3 polyunsaturated fatty acid levels (docosahexaenoic acid)"
Maternal Plasma Fatty Acids - Plasma_EPA_percent at pregnancy week 26,"Plasma omega-3 polyunsaturated fatty acid level (eicosapentaenoic acid), Fatty acids (20:5) levels, Plasma omega-3 polyunsaturated fatty acid levels (docosahexaenoic acid), Plasma omega-3 polyunsaturated fatty acid levels (docosapentaenoic acid), Omega-3 fatty acids levels (UKB data field 23444)"
Maternal Plasma Fatty Acids - Plasma_22_4_n6_conc_mcg_ml at pregnancy week 26,"Plasma omega-6 polyunsaturated fatty acid levels (dihomo-gamma-linolenic acid), Plasma omega-6 polyunsaturated fatty acid levels (arachidonic acid), Plasma omega-6 polyunsaturated fatty acid levels (gamma-linolenic acid), Plasma omega-6 polyunsaturated fatty acid levels (adrenic acid), Plasma omega-6 polyunsaturated fatty acid levels (linoleic acid)"
Maternal Plasma Fatty Acids - Plasma_22_4_n6_percent at pregnancy week 26,"Plasma omega-6 polyunsaturated fatty acid levels (arachidonic acid), Plasma omega-6 polyunsaturated fatty acid levels (dihomo-gamma-linolenic acid), Plasma omega-6 polyunsaturated fatty acid levels (adrenic acid), Plasma omega-6 polyunsaturated fatty acid levels (gamma-linolenic acid), Plasma omega-6 polyunsaturated fatty acid levels (linoleic acid)"
Maternal Plasma Fatty Acids - Plasma_DPA_conc_mcg_ml at pregnancy week 26,"Plasma omega-3 polyunsaturated fatty acid levels (docosapentaenoic acid), Plasma omega-3 polyunsaturated fatty acid levels (docosahexaenoic acid), Plasma omega-6 polyunsaturated fatty acid levels (dihomo-gamma-linolenic acid), Plasma omega-6 polyunsaturated fatty acid levels (linoleic acid), Plasma omega-6 polyunsaturated fatty acid levels (arachidonic acid)"
Maternal Plasma Fatty Acids - Plasma_DPA_percent at pregnancy week 26,"Plasma omega-3 polyunsaturated fatty acid levels (docosapentaenoic acid), Plasma omega-3 polyunsaturated fatty acid levels (docosahexaenoic acid), Plasma omega-3 polyunsaturated fatty acid levels (alphalinolenic acid), Plasma omega-3 polyunsaturated fatty acid level (eicosapentaenoic acid), Serum docosahexaenoic fatty acid concentration in metabolic syndrome"
Maternal Plasma Fatty Acids - Plasma_DHA_conc_mcg_ml at pregnancy week 26,"Plasma omega-3 polyunsaturated fatty acid levels (docosahexaenoic acid), Breast milk fatty acid composition (maternal genotype effect), Plasma omega-3 polyunsaturated fatty acid level (eicosapentaenoic acid), Serum docosahexaenoic fatty acid concentration in metabolic syndrome, Fatty acid(22:6)_[M-H]1- levels"
Maternal Plasma Fatty Acids - Plasma_DHA_percent at pregnancy week 26,"Plasma omega-3 polyunsaturated fatty acid levels (docosahexaenoic acid), Serum docosahexaenoic fatty acid concentration in metabolic syndrome, Docosahexaenoic acid to total fatty acids percentage (UKB data field 23457), Omega-3 fatty acids levels (UKB data field 23444), Serum omega-3 polyunsaturated fatty acid concentration in metabolic syndrome."
Maternal Plasma Fatty Acids - Plasma_Total_FA_conc_mcg_ml at pregnancy week 26,"Plasma omega-6 polyunsaturated fatty acid levels (linoleic acid), Plasma omega-6 polyunsaturated fatty acid levels (dihomo-gamma-linolenic acid), Plasma omega-6 polyunsaturated fatty acid levels (arachidonic acid), Plasma omega-3 polyunsaturated fatty acid levels (docosapentaenoic acid), Plasma omega-3 polyunsaturated fatty acid levels (docosahexaenoic acid)"
Maternal Plasma Fatty Acids - Plasma_Total FA_percent at pregnancy week 26,"Plasma_Total FA_percent at pregnancy week 26, Total fatty acid levels, Total fatty acids levels (UKB data field 23442), Polyunsaturated fatty acids levels (UKB data field 23446), Saturated fatty acids levels (UKB data field 23448)"
Maternal Plasma Fatty Acids - Plasma_Total_n3_conc_mcg_ml at pregnancy week 26,"Plasma omega-3 polyunsaturated fatty acid levels (docosahexaenoic acid), Plasma omega-3 polyunsaturated fatty acid level (eicosapentaenoic acid), Plasma omega-3 polyunsaturated fatty acid levels (alphalinolenic acid), Omega-3 fatty acids levels (UKB data field 23444), Plasma omega-3 polyunsaturated fatty acid levels (docosapentaenoic acid)"
Maternal Plasma Fatty Acids - Plasma_Total_n3_percent at pregnancy week 26,"Plasma omega-3 polyunsaturated fatty acid levels (docosahexaenoic acid), Plasma omega-3 polyunsaturated fatty acid levels (eicosapentaenoic acid), Omega-3 fatty acids levels (UKB data field 23444), Omega-3 fatty acids to total fatty acids percentage (UKB data field 23451), Plasma omega-3 polyunsaturated fatty acid levels (docosapentaenoic acid)"
Maternal Plasma Fatty Acids - Plasma_Total_n6_conc_mcg_ml at pregnancy week 26,"Plasma omega-6 polyunsaturated fatty acid levels (linoleic acid), Plasma omega-6 polyunsaturated fatty acid levels (dihomo-gamma-linolenic acid), Plasma omega-6 polyunsaturated fatty acid levels (gamma-linolenic acid), Plasma omega-6 polyunsaturated fatty acid levels (arachidonic acid), Plasma omega-6 polyunsaturated fatty acid levels (adrenic acid)"
Maternal Plasma Fatty Acids - Plasma_Total_n6_percent at pregnancy week 26,"Plasma omega-6 polyunsaturated fatty acid levels (linoleic acid), Plasma omega-6 polyunsaturated fatty acid levels (dihomo-gamma-linolenic acid), Plasma omega-6 polyunsaturated fatty acid levels (gamma-linolenic acid), Plasma omega-6 polyunsaturated fatty acid levels (arachidonic acid), Plasma omega-6 polyunsaturated fatty acid levels (adrenic acid)"
Maternal Plasma Fatty Acids - Plasma_SFA_conc_mcg_ml at pregnancy week 26,"Fatty acids (15:0) levels, Very long-chain saturated fatty acid levels (fatty acid 24:0), Very long-chain saturated fatty acid levels (fatty acid 22:0), Very long-chain saturated fatty acid levels (fatty acid 20:0), Total fatty acids levels (UKB data field 23442)"
Maternal Plasma Fatty Acids - Plasma_Total_SFA_percent at pregnancy week 26,"Saturated fatty acids levels (UKB data field 23448), Very long-chain saturated fatty acid levels (fatty acid 20:0), Very long-chain saturated fatty acid levels (fatty acid 22:0), Very long-chain saturated fatty acid levels (fatty acid 24:0), Total fatty acids levels (UKB data field 23442)"
Maternal Plasma Fatty Acids - Plasma_MUFA_conc_mcg_ml at pregnancy week 26,"Monounsaturated fatty acids levels (UKB data field 23447), Fasting monounsaturated fatty acids (16:1, 18:1), Breast milk fatty acid composition (maternal genotype effect), Breast milk fatty acid composition (infant genotype effect), Postprandial monounsaturated fatty acids (16:1, 18:1)"
Maternal Plasma Fatty Acids - Plasma_Total_MUFA_percent at pregnancy week 26,"Monounsaturated fatty acids levels (UKB data field 23447), Monounsaturated fatty acid levels, Postprandial monounsaturated fatty acids (16:1, 18:1), Fasting monounsaturated fatty acids (16:1, 18:1), Monounsaturated fatty acids to total fatty acids percentage (UKB data field 23454)"
Maternal Plasma Fatty Acids - Plasma_PUFA_conc at pregnancy week 26,"Breast milk fatty acid composition (maternal genotype effect), Plasma omega-3 polyunsaturated fatty acid levels (docosapentaenoic acid), Plasma omega-3 polyunsaturated fatty acid levels (docosahexaenoic acid), Plasma omega-6 polyunsaturated fatty acid levels (linoleic acid), Plasma omega-6 polyunsaturated fatty acid levels (dihomo-gamma-linolenic acid)"
Maternal Plasma Fatty Acids - Plasma_Total_PUFA_percent at pregnancy week 26,"Total fatty acids levels (UKB data field 23442), Polyunsaturated fatty acids levels (UKB data field 23446), Polyunsaturated fatty acid levels, Serum total polyunsaturated fatty acid concentration in metabolic syndrome, Polyunsaturated fatty acids to total fatty acids percentage (UKB data field 23453)"
Maternal Plasma Fatty Acids - Ratio_Plasma_n3_to_n6 at pregnancy week 26,"Plasma omega-6 polyunsaturated fatty acid levels (linoleic acid), Plasma omega-6 polyunsaturated fatty acid levels (dihomo-gamma-linolenic acid), Plasma omega-6 polyunsaturated fatty acid levels (gamma-linolenic acid), Plasma omega-6 polyunsaturated fatty acid levels (arachidonic acid), Omega-6 fatty acids to omega-3 fatty acids ratio (UKB data field 23459)"
Maternal Plasma Fatty Acids - Ratio_Plasma_n6_to_n3 at pregnancy week 26,"Plasma omega-6 polyunsaturated fatty acid levels (linoleic acid), Plasma omega-6 polyunsaturated fatty acid levels (dihomo-gamma-linolenic acid), Plasma omega-6 polyunsaturated fatty acid levels (gamma-linolenic acid), Plasma omega-6 polyunsaturated fatty acid levels (arachidonic acid), Plasma omega-6 polyunsaturated fatty acid levels (adrenic acid)"
Maternal Plasma Fatty Acids - Ratio_Plasma_AA_to_DHA at pregnancy week 26,"Plasma omega-3 polyunsaturated fatty acid levels (docosahexaenoic acid), Serum docosahexaenoic fatty acid concentration in metabolic syndrome, Ratio of docosahexaenoic acid to total fatty acid levels, Plasma omega-6 polyunsaturated fatty acid levels (arachidonic acid), Plasma omega-6 polyunsaturated fatty acid levels (adrenic acid)"
Maternal Plasma Fatty Acids - Ratio_Plasma_AA_to_EPA at pregnancy week 26,"Plasma omega-6 polyunsaturated fatty acid levels (arachidonic acid), Plasma omega-3 polyunsaturated fatty acid level (eicosapentaenoic acid), Plasma omega-3 polyunsaturated fatty acid levels (docosahexaenoic acid), Serum omega-6 to omega-3 polyunsaturated fatty acid ratio in metabolic syndrome, Serum omega-3 polyunsaturated fatty acid concentration in metabolic syndrome."
Maternal Plasma Fatty Acids - Ratio_Plasma_DHA_to_DPA at pregnancy week 26,"Plasma omega-3 polyunsaturated fatty acid levels (docosahexaenoic acid), Plasma omega-3 polyunsaturated fatty acid levels (docosapentaenoic acid), Breast milk fatty acid composition (maternal genotype effect), Ratio of docosahexaenoic acid to total fatty acid levels, Serum docosahexaenoic fatty acid concentration in metabolic syndrome"
Maternal Plasma fatty acids-Ratio_Plasma_AA_to_DHAEPA at pregnancy week 26,"Plasma omega-3 polyunsaturated fatty acid levels (docosahexaenoic acid), Plasma omega-3 polyunsaturated fatty acid levels (eicosapentaenoic acid), Plasma omega-6 polyunsaturated fatty acid levels (arachidonic acid), Ratio of docosahexaenoic acid to total fatty acid levels, Ratio of 22:6 docosahexaenoic acid to total fatty acids"
Maternal Plasma Vitamin B2 - Flavin Mononucleotide (nmol/L)- Bevital panel at pregnancy week 26,"Vitamin B2 intake, Folate pathway vitamin levels, Vitamin levels, Serum folate levels, Vitamin B12 levels."
Maternal Plasma Vitamin B2 - Neopterin (nmol/L) - Bevital panel at pregnancy week 26,"Midgestational total 25-hydroxyvitamin D levels (antenatal blood), Midgestational total 25-hydroxyvitamin D levels (fetal genetic effect), Midgestational total 25-hydroxyvitamin D levels (maternal genetic effect), Neonatal total 25-hydroxyvitamin D levels (cord blood), Folate pathway vitamin levels."
Maternal Plasma Vitamin B2 - Riboflavin (nmol/L) - Bevital panel at pregnancy week 26,"Vitamin levels, Serum folate levels, Vitamin B12 levels, Retinol (Vitamin A) levels, Folate pathway vitamin levels."
Maternal Plasma Vitamin B3 - N1-methylnicotinamide (nmol/L) - Bevital panel at pregnancy week 26,"Vitamin levels, Folate pathway vitamin levels, Vitamin B1 intake, Vitamin B12 levels, Retinol (Vitamin A) levels"
Maternal Plasma Vitamin B3 - Nicotinamide (nmol/L) - Bevital panel at pregnancy week 26,"Nicotinamide levels, Folate pathway vitamin levels, Vitamin levels, Serum 25-Hydroxyvitamin D levels, Retinol (Vitamin A) levels."
Maternal Plasma Vitamin B3 - Nicotinic acid (nmol/L) - Bevital panel at pregnancy week 26,"Plasma metabolome feature (hilic_4134) (Nicotinic acid mononucleotide), Nicotinamide levels, Vitamin levels, Folate pathway vitamin levels, Retinol (Vitamin A) levels."
Maternal Plasma Vitamin B3 - Trigonelline (µmol/L) - Bevital panel at pregnancy week 26,"Vitamin levels, Folate pathway vitamin levels, Serum 25-Hydroxyvitamin D levels, Vitamin B1 intake, Vitamin B12 levels"
Maternal Plasma Vitamin B6 - Pyridoxal (nmol/L) - Bevital panel at pregnancy week 26,"Folate pathway vitamin levels, Vitamin levels, Serum folate levels, Vitamin C levels, Retinol (Vitamin A) levels."
Maternal Plasma Vitamin B6 - Pyridoxal 5-phosphate (nmol/L) - Bevital panel at pregnancy week 26,"Vitamin levels, Folate pathway vitamin levels, Retinol (Vitamin A) levels, Vitamin C levels, Serum 25-Hydroxyvitamin D levels."
Maternal Plasma vitamin B6 - PLP (nmoles/L) at pregnancy week 26,"Vitamin levels, Midgestational total 25-hydroxyvitamin D levels (antenatal blood), Neonatal total 25-hydroxyvitamin D levels (cord blood), Neonatal total 25-hydroxyvitamin D levels (maternal genetic effect), Midgestational total 25-hydroxyvitamin D levels (maternal genetic effect)"
Maternal Plasma vitamin B6 - PLP categories - Sufficient (≥ 20 nmol/L); Deficient (< 20 nmol/L) at pregnancy week 26,"'Midgestational total 25-hydroxyvitamin D levels (antenatal blood), Midgestational total 25-hydroxyvitamin D levels (fetal genetic effect), Midgestational total 25-hydroxyvitamin D levels (maternal genetic effect), Neonatal total 25-hydroxyvitamin D levels (cord blood), Vitamin levels'"
Maternal Plasma Vitamin B6 - Pyridoxic acid (nmol/L) - Bevital panel at pregnancy week 26,"Plasma pyridoxal phosphate levels, Folate pathway vitamin levels, Retinol (Vitamin A) levels, Vitamin C levels, Plasma pyridoxic acid to pyridoxal phosphate ratio"
Maternal Plasma Vitamin B6 - Pyridoxic acid (nmol/L) at pregnancy week 26. Low detection values indicated by 8888,"Plasma pyridoxic acid to pyridoxal phosphate ratio, Plasma pyridoxal phosphate levels, Pyridoxal levels, RBC levels of Pyridoxal, Pyridoxal phosphate homeostasis protein levels."
Maternal Plasma Vitamin B6 - Pyridoxine (nmol/L) - Bevital panel at pregnancy week 26,"Vitamin levels, Folate pathway vitamin levels, Pregnancy-specific beta-1-glycoprotein 4 levels, Pregnancy-specific beta-1-glycoprotein 5 levels, Pregnancy-specific beta-1-glycoprotein 9 levels."
Maternal Plasma Vitamin B12 - Plasma Vitamin B12 (pg/ml) at pregnancy week 26,"Vitamin B12 levels, Vitamin levels, Transcobalamin-1 levels, Transcobalamin-2 levels, Holo-Transcobalamin-2 levels"
Maternal Three categories by clinical cut-offs - Sufficient (≥ 300 pg/ml); Marginally deficient (200-299 pg/ml); Deficient (< 200 pg/ml) at pregnancy week 26,"Pregnanolone/allopregnanolone sulfate levels, Midgestational total 25-hydroxyvitamin D levels (antenatal blood), Pregnanediol-3-glucuronide levels, 5alpha-pregnan-3beta,20alpha-diol monosulfate (2) levels, 5alpha-pregnan-3beta,20alpha-diol disulfate levels."
Maternal Two categories - Sufficient (≥ 300 pg/ml); Deficient (< 300 pg/ml) at pregnancy week 26,"5alpha-pregnan-3beta,20alpha-diol monosulfate (2) levels, Pregnancy-specific beta-1-glycoprotein 2 levels, Pregnanolone/allopregnanolone sulfate levels, 5alpha-pregnan-3beta,20beta-diol monosulfate (1) levels, 5alpha-pregnan-3beta,20alpha-diol disulfate levels"
Maternal Plasma Vitamin D3 - Plasma Vitamin D (nmol/L) at pregnancy week 26,"Midgestational total 25-hydroxyvitamin D levels (antenatal blood), Midgestational total 25-hydroxyvitamin D levels (fetal genetic effect), Midgestational total 25-hydroxyvitamin D levels (maternal genetic effect), Serum 25-Hydroxyvitamin D levels, 25-Hydroxyvitamin D levels"
Maternal Plasma Vitamin D3 - 3 categories (nmol/L) - Sufficient (>= 50 nmol/L); Marginally Deficient (30-49 nmol/L); Deficient (< 30 nmol/L)  (Reference:IOM) at pregnancy week 26,"Midgestational total 25-hydroxyvitamin D levels (antenatal blood), Serum 25-Hydroxyvitamin D levels, 25-Hydroxyvitamin D levels, Bioavailable vitamin D levels in type 2 diabetes, Vitamin D levels (dietary vitamin D intake interaction)"
Maternal Plasma Vitamin D3 - 3 categories (nmol/L) - Sufficient (> 75 nmol/L); Insufficient (50-75 nmol/L); Deficient (< 50 nmol/L) (Reference: Endocrine Society ) at pregnancy week 26,"Midgestational total 25-hydroxyvitamin D levels (antenatal blood), Midgestational total 25-hydroxyvitamin D levels (fetal genetic effect), Midgestational total 25-hydroxyvitamin D levels (maternal genetic effect), Neonatal total 25-hydroxyvitamin D levels (cord blood), Neonatal total 25-hydroxyvitamin D levels (maternal genetic effect)"
Maternal Amino Acid & Intermediates: Arginine & Metabolites  - Arginine (µmol/L) -Bevital panel at pregnancy week 26,"Arginine levels (Metabolon platform), L-arginine levels, Arginine levels (Biocrates platform), Plasma metabolome feature (c18_789) (Arginine), Metabolite levels (arginine)"
Maternal Amino Acid & Intermediates: Arginine & Metabolites  - Asymmetric dimethylarginine (µmol/L) -Bevital panel at pregnancy week 26,"Asymmetric dimethylarginine (µmol/L) -Bevital panel, Arginine levels (Metabolon platform), Arginine levels (Biocrates platform), Metabolite levels (arginine), Asymmetrical dimethylarginine levels."
Maternal Amino Acid & Intermediates: Arginine & Metabolites  - Creatine (µmol/L) -Bevital panel at pregnancy week 26,"Metabolite levels (creatine), Metabolite levels (arginine), Arginine levels (Metabolon platform), Arginine levels (Biocrates platform), Plasma metabolome feature (c18_789) (Arginine)"
Maternal Amino Acid & Intermediates: Arginine & Metabolites  - Creatinine (µmol/L) -Bevital panel at pregnancy week 26,"Metabolite levels (arginine), Arginine levels (Biocrates platform), Arginine levels (Metabolon platform), L-arginine levels, Plasma arginine levels in chronic kidney disease."
Maternal Amino Acid & Intermediates: Arginine & Metabolites  - Homoarginine (µmol/L) -Bevital panel at pregnancy week 26,"Homoarginine levels, Plasma homoarginine levels in chronic kidney disease, Urine homoarginine levels in chronic kidney disease, Homoarginine levels in elite athletes, Metabolite levels (homoarginine)"
Maternal Amino Acid & Intermediates: Arginine & Metabolites  - Symmetric dimethylarginine (µmol/L) -Bevital panel at pregnancy week 26,"Arginine levels (Metabolon platform), L-arginine levels, Arginine levels (Biocrates platform), Metabolite levels (arginine), Arginine levels."
Maternal Amino Acid & Intermediates: Arginine & Metabolites  - Trimethyllysine (µmol/L) -Bevital panel at pregnancy week 26,"Plasma metabolome feature (c18_789) (Arginine), Arginine levels (Metabolon platform), Arginine levels (Biocrates platform), Metabolite levels (arginine), Plasma arginine levels in chronic kidney disease."
Maternal Amino Acid & Intermediates: Cysteine & Metabolites  - Cystathionine (µmol/L) -Bevital panel at pregnancy week 26,"Cystathionine levels, Metabolite levels (cystathionine; cmh_cystathionine), Plasma cystathionine levels in chronic kidney disease, Cysteine levels, Cysteinylglycine levels."
Maternal Amino Acid & Intermediates: Cysteine & Metabolites  - Total Homocysteine (µmol/L) - Bevital panel at pregnancy week 26,"Plasma homocysteine levels, Homocysteine levels, Plasma homocysteine levels (post-methionine load test), Metabolite levels (S-adenosylhomocysteine (SAH); ___adenosylhomocysteine; S_Ado_homocysteine), RBC levels of S-Adenosyl-L-homocysteine."
Maternal Amino Acid & Intermediates: Cysteine & Metabolites  - Total cysteine (µmol/L) - Bevital panel at pregnancy week 26,"Cysteine levels, Metabolite levels (cysteinylglycine), Plasma cysteinylglycine levels in chronic kidney disease, Urine cysteinylglycine levels in chronic kidney disease, Metabolite levels (cysteinylglycine disulfide)"
Maternal Amino Acid & Intermediates: Histidine & Metabolites  - 1-Methylhistidine (1-MH) (µmol/L) - Bevital panel at pregnancy week 26,"1-Methylhistidine (1-MH) (µmol/L) - Bevital panel at pregnancy week 26, Metabolite levels (1-methylhistidine), 1-methylhistidine levels, Urine 1-methylhistidine levels in chronic kidney disease, N-acetyl-1-methylhistidine levels in elite athletes"
Maternal Amino Acid & Intermediates: Histidine & Metabolites  - 3-Methylhistidine (3-MH) (µmol/L) - Bevital panel at pregnancy week 26,"1-methylhistidine levels, Plasma metabolome feature (c18_1013) (N-Acetylhistidine), Metabolite levels (N-acetylhistidine), Metabolite levels (N-acetyl-1-methylhistidine), Metabolite levels (N-acetyl-3-methylhistidine)"
Maternal Amino Acid & Intermediates: Histidine & Metabolites  - Histidine (µmol/L) - Bevital panel at pregnancy week 26,"Histidine levels (Metabolon platform), Histidine levels (Biocrates platform), Histidine levels (UKB data field 23463), N-acetylhistidine levels, Histidine meal response (LMM)"
Maternal Amino Acid & Intermediates: Methionine & Metabolites  - Methionine (µmol/L) - Bevital panel at pregnancy week 26,"Methionine levels, Methionine levels (Biocrates platform), Methionine levels (Metabolon platform), RBC levels of Methionine, Plasma homocysteine levels (post-methionine load test)"
Maternal Amino Acid & Intermediates: Methionine & Metabolites  - Methionine sulfoxide (µmol/L) - Bevital panel at pregnancy week 26,"Methionine levels, Methionine levels (Metabolon platform), Methionine levels (Biocrates platform), Methionine sulfone levels, Urine methionine sulfoxide levels in chronic kidney disease"
Maternal Amino Acid & Intermediates: Tryptophan & Metabolites  - 3-Hydroxyanthranilic acid (nmol/L) - Bevital panel at pregnancy week 26,"Metabolite levels (tryptophan), Tryptophan levels, Plasma metabolome feature (hilic_2249) (L-Tryptophan), Tryptophan levels (Metabolon platform), Tryptophan levels (Biocrates platform)"
Maternal Amino Acid & Intermediates: Tryptophan & Metabolites  - 3-Hydroxykynurenine (nmol/L) - Bevital panel at pregnancy week 26,"Plasma metabolome feature (hilic_2249) (L-Tryptophan), Metabolite levels (tryptophan), Tryptophan levels, Tryptophan levels (Biocrates platform), Tryptophan levels (Metabolon platform)"
Maternal Amino Acid & Intermediates: Tryptophan & Metabolites  - Anthranilic acid (nmol/L) - Bevital panel at pregnancy week 26,"Plasma metabolome feature (hilic_2249) (L-Tryptophan), Metabolite levels (tryptophan), Tryptophan levels, Tryptophan levels (Metabolon platform), Tryptophan levels (Biocrates platform)"
Maternal Amino Acid & Intermediates: Tryptophan & Metabolites  - Kynurenic acid (nmol/L) - Bevital panel at pregnancy week 26,"Plasma metabolome feature (hilic_2249) (L-Tryptophan), Metabolite levels (tryptophan), Tryptophan levels, Tryptophan levels (Biocrates platform), Tryptophan levels (Metabolon platform)"
Maternal Amino Acid & Intermediates: Tryptophan & Metabolites  - Kynurenine (µmol/L) - Bevital panel at pregnancy week 26,"Plasma metabolome feature (hilic_2278) (Kynurenine), Metabolite levels (kynurenine; cmh_kynurenine; Kynurenine), Kynurenine levels, Plasma kynurenine to tryptophan ratio in major depressive disorder, Metabolite levels (tryptophan)"
Maternal Amino Acid & Intermediates: Tryptophan & Metabolites  - Quinolinic acid (nmol/L) - Bevital panel at pregnancy week 26,"Plasma metabolome feature (c18_713) (Quinolinic acid), Metabolite levels (tryptophan), Tryptophan levels, Tryptophan levels (Biocrates platform), Tryptophan levels (Metabolon platform)"
Maternal Amino Acid & Intermediates: Tryptophan & Metabolites  - Tryptophan (µmol/L) - Bevital panel at pregnancy week 26,"Tryptophan levels, Plasma metabolome feature (hilic_2249) (L-Tryptophan), Tryptophan levels (Biocrates platform), Tryptophan levels (Metabolon platform), N-acetyl-d-tryptophan levels."
Maternal Amino Acid & Intermediates: Tryptophan & Metabolites  - Xanthurenic acid (nmol/L) - Bevital panel at pregnancy week 26,"Plasma metabolome feature (hilic_2249) (L-Tryptophan), Metabolite levels (tryptophan), Tryptophan levels (Biocrates platform), Tryptophan levels (Metabolon platform), Urine tryptophan levels in chronic kidney disease."
Maternal Choline Metabolism: Choline & Metabolites  - Betaine (µmol/L) - Bevital panel at pregnancy week 26,"Choline levels, RBC levels of Choline, Plasma choline levels in chronic kidney disease, Urine choline levels in chronic kidney disease, Choline phosphate levels."
Maternal Choline Metabolism: Choline & Metabolites  - Choline (µmol/L) - Bevital panel at pregnancy week 26,"Choline levels (elderly offspring), Plasma choline levels in chronic kidney disease, Choline phosphate levels, Urine choline levels in chronic kidney disease, Phosphatidylcholine and other choline levels"
Maternal Choline Metabolism: Choline & Metabolites  - Dimethylglycine (µmol/L) - Bevital panel at pregnancy week 26,"Choline levels (elderly offspring), RBC levels of Choline, Plasma choline levels in chronic kidney disease, Choline levels, Urine choline levels in chronic kidney disease."
Maternal Choline Metabolism: Choline & Metabolites  - Trimethylamineoxide (µmol/L) - Bevital panel at pregnancy week 26,"Choline levels (elderly offspring), RBC levels of Choline, Plasma choline levels in chronic kidney disease, Choline/ethanolamine kinase levels (CHKB.13117.232.3), Urine choline levels in chronic kidney disease"
Maternal Cotinine: Cotinine & Metabolite  - Cotinine (nmol/L) - Bevital panel at pregnancy week 26,"Cotinine levels in current smokers, Cotinine and 3'-hydroxycotinine levels in current smokers, Cotinine levels in smokers with chronic obstructive pulmonary disease, Cotinine glucuronidation, Serum levels of protein COTL1."
Maternal Cotinine: Cotinine & Metabolite  - Trans-3-Hydroxy Cotinine (nmol/L) - Bevital panel at pregnancy week 26,"Cotinine levels in current smokers, Cotinine and 3'-hydroxycotinine levels in current smokers, Cotinine levels in smokers with chronic obstructive pulmonary disease, Cotinine glucuronidation, Serum levels of protein COTL1."
Hemolysis,"Sickle cell anemia (haemolysis), Hemolysis of donated blood (osmotic), Hemolysis of donated blood (oxidative), Hemolysis of donated blood (cold-storage), Osmotic hemolysis of cold stored red blood cells."
Homocysteine (Reported Values: 6-20 µmol/L),"Homocysteine levels, Plasma homocysteine levels, Plasma homocysteine levels (post-methionine load test), RBC levels of S-Adenosyl-L-homocysteine, Metabolite levels (S-adenosylhomocysteine (SAH); ___adenosylhomocysteine; S_Ado_homocysteine)"
Choline (Reported Values: 5-15 µmol/L),"Choline levels, Total cholines levels, Choline phosphate levels, Choline levels (advanced age), RBC levels of Choline."
Betaine (Reported Values: 20-60 µmol/L),"Betaine levels, Plasma betaine levels in chronic kidney disease, Urine betaine levels in chronic kidney disease, Betaine levels in elite athletes, Betaine levels in individuals undergoing cardiac evaluation."
Dimethylglycine (Reported Values: 1.5–5 µmol/L),"Dimethylglycine levels, Metabolite levels (dimethylglycine), Dimethylglycine levels in elite athletes, Dimethylglycine levels in chronic kidney disease, Plasma dimethylglycine levels in chronic kidney disease"
Creatinine (Reported Values: 50-100 µmol/L),"Creatinine levels, Serum creatinine levels, Urinary creatinine levels, Creatinine levels (UKB data field 23478), Creatinine levels (UKB data field 30700)"
Methionine (Reported Values: 18-50 µmol/L),"Methionine levels (Biocrates platform), Methionine levels, Methionine levels (Metabolon platform), Methionine sulfone levels, Methionine sulfoxide levels"
Methioninesulfate (Reported Values: 0.5-5 µmol/L),"Methionine sulfoxide levels, Methionine sulfone levels, Metabolite levels (methionine sulfone), Methionine levels (Biocrates platform), Methionine levels (Metabolon platform)"
Arginine (Reported Values: 40-100 µmol/L),"Arginine levels (Biocrates platform), Arginine levels, L-arginine levels, Arginine levels (Metabolon platform), Plasma arginine levels in chronic kidney disease"
ADMA (Reported Values: 0.4-0.8 µmol/L),"ADMA levels, Dimethylarginine (sdma + adma) levels, Metabolite levels (dimethylarginine (SDMA + ADMA); ADMA), Metabolite levels (SDMA), Serum levels of protein ADM"
SDMA (Reported Values: 0.4-0.9 µmol/L),"Metabolite levels (SDMA), Metabolite levels (dimethylarginine (SDMA + ADMA); ADMA), Urine dimethylarginine (SDMA + ADMA) levels in chronic kidney disease, Plasma dimethylarginine (SDMA + ADMA) levels in chronic kidney disease, Metabolite levels (NMMA)"
Homoarginine (Reported Values: 1-6 µmol/L),"Homoarginine levels, Plasma homoarginine levels in chronic kidney disease, Urine homoarginine levels in chronic kidney disease, Metabolite levels (homoarginine), Homoarginine levels in elite athletes."
Trimethyllysine (Reported Values: 0.3-2 µmol/L),"N6,n6,n6-trimethyllysine levels, Plasma trimethyllysine levels, Hydroxy-N6,N6,N6-trimethyllysine levels, Metabolite levels (N-6-trimethyllysine; N6,N6,N6-trimethyllysine; N6.N6.N6-trimethyllysine), 1,3,7-trimethylurate levels"
Cysteine (Reported Values: 150-400 µmol/L),"Cysteine levels, Cysteine levels in elite athletes, Urine cysteine levels in chronic kidney disease, Cysteine-rich protein 1 levels, Cysteine-rich protein 2 levels."
Histidine (Reported Values: 50-100 µmol/L),"Histidine levels, Histidine levels (Biocrates platform), Histidine levels (UKB data field 23463), Histidine levels (Metabolon platform), Fasting histidine"
Trimethylamine N oxide (Reported Values: 0.5-60 µmol/L),"Trimethylamine N oxide (Reported Values: 0.5-60 µmol/L), Plasma trimethylamine N-oxide levels, Trimethylamine N-oxide levels in elite athletes, Trimethylamine levels, N6,n6,n6-trimethyllysine levels"
Creatine (Reported Values: 10-100 µmol/L),"Creatine levels, Metabolite levels (creatine), Creatine levels in elite athletes, Creatine kinase M-type levels (CKM.2670.67.4), Creatine kinase levels."
m1Histidine (Reported Values: 0.5-15 µmol/L),"Metabolite levels (1-methylhistidine), N-acetyl-1-methylhistidine levels, Metabolite levels (N-acetyl-1-methylhistidine), 1-methylhistidine levels in elite athletes, Histidine levels (UKB data field 23463)"
m3Histidine (Reported Values: 2.7-10 µmol/L),"3-methylhistidine levels in elite athletes, N-acetyl-3-methylhistidine levels, Metabolite levels (N-acetyl-3-methylhistidine), 1-methylhistidine levels, 1-methylhistidine levels in elite athletes."
Pyridoxal phosphate (Reported Values: 15–150 nmol//L),"Plasma pyridoxal phosphate levels, Pyridoxal 5'-phosphate levels, Cerebrospinal fluid pyridoxal phosphate levels, Plasma pyridoxal phosphate to pyridoxal ratio, Plasma pyridoxic acid to pyridoxal phosphate ratio"
Pyridoxal (Reported Values: 5–150 nmol/L),"Pyridoxal levels, RBC levels of Pyridoxal, Pyridoxal 5'-phosphate levels, Plasma pyridoxal phosphate levels, Cerebrospinal fluid pyridoxal phosphate to pyridoxal ratio."
Pyridoxic acid (Reported Values: 10–200 nmol/L),"Plasma pyridoxic acid to pyridoxal phosphate ratio, Pyridoxal levels, Pyridoxal 5'-phosphate levels, Plasma pyridoxal phosphate levels, Plasma pyridoxal phosphate to pyridoxal ratio"
Pyridoxine (Reported Values: NA),"Pyridoxal levels, Pyridoxamine levels, Pyridoxal 5'-phosphate levels, RBC levels of Pyridoxal, Cerebrospinal fluid pyridoxal phosphate levels"
Thiamine (Reported Values: 2–50 nmol/L),"Thiamin pyrophosphokinase 1 levels, Threonate levels, Threonine levels (Biocrates platform), Threonine levels, Threonylphenylalanine levels"
Thiamine monophosphate (Reported Values: 2–15 nmol/L),"Thiamine-triphosphatase levels, Thiamin pyrophosphokinase 1 levels, Serum phosphate levels, Phosphate levels, Phosphorus levels."
Riboflavin (Reported Values: 5–100 nmol/L),"Riboflavin kinase levels (RFK.13059.33.3), Riboflavin kinase levels, Metabolite levels (ribitol), Ribitol levels, Riboflavin to 3-Indolepropionic acid ratio in coronary artery disease"
Flavin mononucleotide (Reported Values: 3–30 nmol/L),"Flavin adenine dinucleotide (FAD) levels, Flavin reductase levels, Serum levels of protein FLNA, Filamin-A levels (FLNA.11124.9.3), Fumarylacetoacetase levels (FAH.11424.4.3)"
Neopterin (Reported Values: 5-50 nmol/L),"Metabolite levels (pterin), Dihydrobiopterin levels, Metabolite levels (N-acetyltryptophan), N-acetyl neuraminic acid levels, N-acetylproline levels."
Cotinine (Reported Values: <3000 nmol/L),"Cotinine levels in current smokers, Smoking intensity (cotinine levels/cigarettes per day), Cotinine glucuronidation, Cotinine levels in smokers with chronic obstructive pulmonary disease, Cotinine and 3'-hydroxycotinine levels in current smokers"
Trans hydroxycotinine (Reported Values: <1500 nmol/L),"Hydroxycotinine levels, Metabolite levels (hydroxycotinine), 3-hydroxycotinine glucuronide levels, Hydroxy-cmpf levels, Hydroxy-cmpf (X-02269) levels"
Tryptophan (Reported Values: 40-90 µmol/L),"Tryptophan levels, Tryptophan levels (Biocrates platform), Metabolite levels (tryptophan), Tryptophan levels (Metabolon platform), Tryptophan levels in elite athletes"
Kynenurine (Reported Values: 1.0-3.0 µmol/L),"Metabolite levels (kynurenine; cmh_kynurenine; Kynurenine), Kynurenine levels, Plasma metabolome feature (hilic_2278) (Kynurenine), Metabolite levels (kynurenate; kynurenic acid; kynurenic_acid; Kynurenic_acid), N-acetylkynurenine (2) levels."
3Hydroxykynurenine (Reported Values: 25-80 nmol/L),"Metabolite levels (kynurenine; cmh_kynurenine; Kynurenine), Plasma metabolome feature (hilic_2278) (Kynurenine), Metabolite levels (kynurenate; kynurenic acid; kynurenic_acid; Kynurenic_acid), Urine 3-hydroxykynurenine levels in chronic kidney disease, Kynureninase levels (KYNU.4559.64.2)"
Kynurenic acid (Reported Values: 20-100 nmol/L),"Metabolite levels (kynurenate; kynurenic acid; kynurenic_acid; Kynurenic_acid), Kynurenine levels, Plasma metabolome feature (hilic_2278) (Kynurenine), Urine kynurenate levels in chronic kidney disease, Plasma kynurenate levels in chronic kidney disease"
Xanthurenic acid (Reported Values: 2-35 nmol/L),"Xanthurenate levels, Urine xanthurenate levels in chronic kidney disease, Plasma xanthurenate levels in chronic kidney disease, Metabolite levels (xanthurenate; cmh_xanthurenate; Xanthurenate), Xanthurenate levels in elite athletes"
Anthralinic acid (Reported Values: 7-30 nmol/L),"Metabolite levels (N-formylanthranilic acid), N-acetylaspartic acid levels, Succinic acid/Methylmalonic acid levels, 2,6-dihydroxybenzoic acid (X-09789) levels, Orotic acid levels."
Hydroxyanthralinic acid (Reported Values: 10-80 nmol/L),"3-hydroxyanthranilate 3,4-dioxygenase levels (HAAO.5861.78.3), Metabolite levels (3-hydroxyhexanoate), 3-hydroxyhexanoate levels, 3-hydroxyhippurate levels, 3-hydroxyadipate levels"
Picolinic acid (Reported Values: 20-100 nmol/L),"Picolinate levels, Metabolite levels (picolinate), Picolinoylglycine (X-12170) levels, Picolinoylglycine levels, Plasma picolinate levels in chronic kidney disease"
Quinolinic acid (Reported Values: 150-700 nmol/L),"Quinolinate levels, Plasma metabolome feature (c18_713) (Quinolinic acid), Urine quinolinate levels in chronic kidney disease, Quinolinate levels in elite athletes, Metabolite peak levels (QI12000), Metabolite peak levels (QI12380)"
Nicotinic acid (Reported Values: <20 nmol/L),"Nicotinic acid mononucleotide, Nicotinamide levels, Nicotinamide N-methyltransferase levels, Nicotinamide/nicotinic acid mononucleotide adenylyltransferase 1 levels, N-acetyl-2-aminoadipate levels"
Nicotinamide (Reported Values: 100-600 nmol/L),"Nicotinamide levels, Niacinamide levels, 1-methylnicotinamide levels, Urine nicotinamide riboside levels in chronic kidney disease, Plasma metabolome feature (hilic_4134) (Nicotinic acid mononucleotide)"
N1 methylnicotinamide (Reported Values: 20-250 nmol/L),"1-methylnicotinamide levels, Plasma 1-methylnicotinamide levels in chronic kidney disease, Metabolite levels (1-methylurate), 1-methylurate levels, 1-methylnicotinamide levels in elite athletes."
Cystathionine (Reported Values: <0.4 µmol/L),"Cystathionine levels, Cystathionine beta-synthase levels, Urine cystathionine levels in chronic kidney disease, Plasma cystathionine levels in chronic kidney disease, Cystathionine levels in elite athletes"
Trigonelline (Reported Values: <25 µmol/L),"Trigonelline (N'-methylnicotinate) levels in elite athletes, 1-linoleoyl-2-arachidonoyl-GPC (18:2/20:4n6) levels, 1-myristoyl-2-arachidonoyl-GPC (14:0/20:4) levels, 1-oleoyl-2-arachidonoyl-GPE (18:1/20:4) levels, 1-pentadecanoyl-2-arachidonoyl-GPC (15:0/20:4) levels."
Folate (Reported Values: >7.5 nmol/L),"Serum folate levels, Folate pathway vitamin levels, Red blood cell folate levels, Folate receptor alpha levels, Folate receptor beta levels"
Vitamin B12 (Reported Values: >150 pmol/L),"Vitamin B12 levels, Transcobalamin-2 levels (TCN2.5584.21.3), Transcobalamin-2 levels, Holo-Transcobalamin-2 levels, Vitamin B9 levels."
Vitamin A (Reported Values: 1.46-2.84 µmol/L),"Retinol (Vitamin A) levels, Retinol (Vitamin A) levels in elite athletes, 4-oxo-retinoic acid levels, Retinol levels, Serum lycopene concentrations"
Vitamin D2 (Reported Values: 0-30 nmol/L),"Vitamin D levels, Vitamin D3 levels, 25-Hydroxyvitamin D levels, Serum 25-Hydroxyvitamin D levels, Neonatal total 25-hydroxyvitamin D levels (cord blood)"
Vitamin D3 (Reported Values: 32.4-98.5 nmol/L),"Vitamin D3 levels, 25-Hydroxyvitamin D levels, Serum 25-Hydroxyvitamin D levels, Neonatal total 25-hydroxyvitamin D levels (cord blood), Midgestational total 25-hydroxyvitamin D levels (antenatal blood)"
Alpha tocopherol (Reported Values: 18.9-38.8.0 µmol/L),"Alpha-tocopherol levels, Alpha-tocopherol levels in elite athletes, Gamma-tocopherol/beta-tocopherol levels, Oleoyl-linoleoyl-glycerol (18:1/18:2) [2] levels, Oleoyl-linoleoyl-glycerol (18:1/18:2) [1] levels."
Gamma tocopherol (Reported Values: 2-11 µmol/L),"Gamma-tocopherol/beta-tocopherol levels, Gamma-tocopherol/beta-tocopherol levels in elite athletes, Alpha-tocopherol levels, Gro-beta/gamma levels, Metabolite levels (1-dihomo-linolenylglycerol (alpha, gamma); 1-dihomo-linolenylglycerol (20:3))"
Methylmalonic acid (Reported Values: <0.26 µmol/L),"Methylmalonate (mma) levels, Metabolite levels (methylsuccinate), Succinic acid/Methylmalonic acid levels, Metabolite levels (ethylmalonate), Ethylmalonate levels."
Total homocysteine (Reported Values: <15 µmol/L),"Homocysteine levels, Plasma homocysteine levels, Plasma homocysteine levels (post-methionine load test), RBC levels of S-Adenosyl-L-homocysteine, Metabolite levels (S-adenosylhomocysteine (SAH); ___adenosylhomocysteine; S_Ado_homocysteine)"
Total cysteine (Reported Values: 150-350 µmol/L),"Cysteine levels, Cysteine s-sulfate levels, Cysteine sulfinic acid levels, Cysteinylglycine levels, Urine cysteine levels in chronic kidney disease."
Choline (Reported Values: 5-12 µmol/L),"Choline levels, Choline levels (advanced age), Choline levels in elite athletes, Choline levels (elderly offspring), RBC levels of Choline"
Betaine (Reported Values: 16-51 µmol/L),"Betaine levels, Plasma betaine levels in chronic kidney disease, Urine betaine levels in chronic kidney disease, Betaine levels in elite athletes, Betaine levels in individuals undergoing cardiac evaluation."
Dimethylglycine (Reported Values: 1.5–4 µmol/L),"Dimethylglycine levels, Dimethylglycine levels in elite athletes, Dimethylglycine levels in chronic kidney disease, Plasma dimethylglycine levels in chronic kidney disease, Metabolite levels (dimethylglycine)"
Creatinine (Reported Values: <90 µmol/L),"Serum creatinine levels, Creatinine levels (UKB data field 23478), Creatinine levels (UKB data field 30700), Chronic kidney disease and serum creatinine levels, Glomerular filtration rate (creatinine)"
Methionine (Reported Values: 18-33 µmol/L),"Methionine levels (Biocrates platform), Methionine levels, Methionine levels (Metabolon platform), Methionine sulfone levels, Methionine sulfoxide levels"
Methionine sulfoxide (Reported Values: not provided by bevital),"Methionine sulfoxide levels, Methionine sulfoxide levels in elite athletes, Urine methionine sulfoxide levels in chronic kidney disease, Methionine-R-sulfoxide reductase B3 levels, Methionine-R-sulfoxide reductase B2, mitochondrial levels"
Arginine (Reported Values: 10-80 µmol/L),"Arginine levels (Biocrates platform), Arginine levels, L-arginine levels, Plasma arginine levels in chronic kidney disease, Arginine levels in elite athletes"
Asymmetric dimethylarginine (Reported Values: 0.4-1.0 µmol/L),"Asymmetric dimethylarginine (Reported Values: 0.4-1.0 µmol/L), Asymmetrical dimethylarginine levels, Serum dimethylarginine levels (asymmetric/symmetric ratio), Symmetric dimethylarginine levels, Dimethylarginine (SDMA + ADMA) levels."
Symmetric dimethylarginine (Reported Values: 0.3-0.7 µmol/L),"Symmetric dimethylarginine levels, Symmetrical dimethylarginine levels, Asymmetrical dimethylarginine levels, Serum dimethylarginine levels (asymmetric/symetric ratio), Dimethylarginine (sdma + adma) levels"
Homoarginine (Reported Values: 2-6 µmol/L),"Homoarginine levels, Metabolite levels (homoarginine), Plasma homoarginine levels in chronic kidney disease, Urine homoarginine levels in chronic kidney disease, Homoarginine levels in elite athletes"
Trimethyllysine (Reported Values: not provided by bevital),"Plasma trimethyllysine levels, N6,n6,n6-trimethyllysine levels, Hydroxy-N6,N6,N6-trimethyllysine levels, Metabolite levels (N-6-trimethyllysine; N6,N6,N6-trimethyllysine; N6.N6.N6-trimethyllysine), 1,3,7-trimethylurate levels."
Histidine (Reported Values: not provided by bevital),"Histidine levels (UKB data field 23463), Histidine levels (Biocrates platform), Histidine levels (Metabolon platform), Histidine levels in elite athletes, Fasting histidine."
Trimethylamine N-oxide (Reported Values: not provided by bevital),"Trimethylamine N-oxide levels, Plasma trimethylamine N-oxide levels, Trimethylamine N-oxide levels in elite athletes, Trimethylamine levels, Hydroxy-N6,N6,N6-trimethyllysine levels"
Creatine (Reported Values: not provided by bevital),"Creatine levels, Creatine levels in elite athletes, Creatine kinase levels, Creatine kinase M-type levels (CKM.2670.67.4), Serum creatine levels"
1-Methylhistidine (Reported Values: 2.7-7 µmol/L),"1-methylhistidine levels, Metabolite levels (1-methylhistidine), N-acetyl-1-methylhistidine levels, Metabolite levels (N-acetyl-1-methylhistidine), Urine 1-methylhistidine levels in chronic kidney disease"
3-Methylhistidine (Reported Values: 0.7-14 µmol/L),"3-methylhistidine levels in elite athletes, Metabolite levels (3-methylcytidine), N-acetyl-3-methylhistidine levels, N-acetyl-3-methylhistidine levels in elite athletes, Metabolite levels (N-acetyl-3-methylhistidine)"
Pyridoxal 5'-phosphate (Reported Values: 17–102 nmol//L),"Plasma pyridoxal phosphate levels, Plasma pyridoxal phosphate to pyridoxal ratio, Cerebrospinal fluid pyridoxal phosphate to pyridoxal ratio, Cerebrospinal fluid pyridoxal phosphate levels, Pyridoxine-5-phosphate oxidase levels"
Pyridoxal (Reported Values: 6–28 nmol/L),"Pyridoxal levels, RBC levels of Pyridoxal, Pyridoxal 5'-phosphate levels, Cerebrospinal fluid pyridoxal phosphate to pyridoxal ratio, Plasma pyridoxal phosphate to pyridoxal ratio."
4-Pyridoxic acid (Reported Values: 11–88 nmol/L),"Plasma pyridoxic acid to pyridoxal phosphate ratio, Pyridoxal levels, Pyridoxal 5'-phosphate levels, 3-Indolepropionic acid to 4-Pyridoxic acid ratio in coronary artery disease, Plasma pyridoxal phosphate levels."
Pyridoxine (Reported Values: not provided by bevital),"Pyridoxal 5'-phosphate levels, Plasma pyridoxal phosphate levels, Cerebrospinal fluid pyridoxal phosphate levels, RBC levels of Pyridoxal, Plasma pyridoxal phosphate to pyridoxal ratio"
Thiamine (Reported Values: 7–16 nmol/L),"Thiamine-triphosphatase levels, Thiamin pyrophosphokinase 1 levels, Metabolite levels (threonine), Threonine levels (Biocrates platform), Threonylphenylalanine levels"
Thiamine monophosphate (Reported Values: 1–3 nmol/L),"Thiamine-triphosphatase levels, Thiamin pyrophosphokinase 1 levels, Serum phosphate levels, Phosphorus levels, Phosphate-to-erythronate ratio."
Riboflavin (Reported Values: 5–38 nmol/L),"Riboflavin kinase levels (RFK.13059.33.3), Riboflavin kinase levels, Metabolite levels (ribitol), Ribitol levels, Riboflavin to 3-Indolepropionic acid ratio in coronary artery disease."
Flavin mononucleotide (Reported Values: 3–13 nmol/L),"Flavin reductase levels, Flavonifractor sp002159265 abundance in stool, Flavonifractor sp900199495 abundance in stool, Filamin-A levels (FLNA.11124.9.3), Ficolin-1 levels (FCN1.3613.62.5)"
Neopterin (Reported Values: <20 nmol/L),"Dihydrobiopterin levels, Serum levels of protein NPPA, Serum levels of protein NPPB, Serum levels of protein NUP210, Serum levels of protein NEURL4"
Cotinine (Reported Values: not provided by bevital),"Cotinine levels in current smokers, Cotinine glucuronidation, Cotinine levels in smokers with chronic obstructive pulmonary disease, Smoking intensity (cotinine levels/cigarettes per day), Cotinine and 3'-hydroxycotinine levels in current smokers."
Trans-3'-hydroxycotinine (Reported Values: not provided by bevital),"Hydroxycotinine levels, Metabolite levels (hydroxycotinine), 3-hydroxycotinine glucuronide levels, Hydroxy-cmpf (X-02269) levels, 3-hydroxyadipate levels"
Tryptophan (Reported Values: 43-89 µmol/L),"Tryptophan levels, Tryptophan levels (Biocrates platform), Metabolite levels (tryptophan), Tryptophan levels (Metabolon platform), Plasma metabolome feature (hilic_2249) (L-Tryptophan)"
Kynurenine (Reported Values: 1.0-2.9 µmol/L),"Kynurenine levels, Metabolite levels (kynurenine; cmh_kynurenine; Kynurenine), Plasma metabolome feature (hilic_2278) (Kynurenine), Kynurenine levels in elite athletes, Plasma kynurenine levels in chronic kidney disease."
3-Hydroxykynurenine (Reported Values: 10-65 nmol/L),"Kynurenine levels, Metabolite levels (kynurenine; cmh_kynurenine; Kynurenine), Kynurenate levels, Urine 3-hydroxykynurenine levels in chronic kidney disease, Metabolite levels (kynurenate; kynurenic acid; kynurenic_acid; Kynurenic_acid)"
Xanthurenic acid (Reported Values: 5-35 nmol/L),"Xanthurenate levels, Metabolite levels (xanthurenate; cmh_xanthurenate; Xanthurenate), Urine xanthurenate levels in chronic kidney disease, Plasma xanthurenate levels in chronic kidney disease, Xanthurenate levels in elite athletes."
Anthranilic acid (Reported Values: 7-30 nmol/L),"N-formylanthranilic acid levels, Metabolite levels (N-formylanthranilic acid), 2,6-dihydroxybenzoic acid (X-09789) levels, X-11593--O-methylascorbate levels, Metabolite levels (X-11787)"
3-Hydroxyanthranilic acid (Reported Values: 7-50 nmol/L),"3-hydroxyhippurate levels, N-formylanthranilic acid levels, Metabolite levels (N-formylanthranilic acid), 3-hydroxyanthranilate 3,4-dioxygenase levels (HAAO.5861.78.3), 3-hydroxyanthranilate 3,4-dioxygenase levels."
Picolinic acid (Reported Values: 90-370nmol/L),"Picolinate levels, Metabolite levels (picolinate), Picolinoylglycine (X-12170) levels, Picolinoylglycine levels, 1-linoleoyl-2-arachidonoyl-GPC (18:2/20:4n6) levels."
Quinolinic acid (Reported Values: 134-384 nmol/L),"Plasma metabolome feature (c18_713) (Quinolinic acid), Quinolinate levels, Kynurenate levels, Metabolite levels (kynurenate; kynurenic acid; kynurenic_acid; Kynurenic_acid), Kynureninase levels (KYNU.4559.64.2)"
Nicotinamide (Reported Values: 92-388 nmol/L),"Nicotinamide levels, Niacinamide levels, Urine nicotinamide riboside levels in chronic kidney disease, Nicotinamide riboside kinase 1 levels, 1-methylnicotinamide levels."
N1-methylnicotinamide (Reported Values: 27-221 nmol/L),"1-methylnicotinamide levels, Plasma 1-methylnicotinamide levels in chronic kidney disease, Metabolite levels (1-methylurate), X-12095--N1-methyl-3-pyridone-4-carboxamide levels, 1-methylnicotinamide levels in elite athletes."
Trigonelline (Reported Values: not provided by bevital),"Trigonelline (N'-methylnicotinate) levels, Trigonelline (n'-methylnicotinate) levels in elite athletes, Metabolite levels (glycosyl-N-behenoyl-sphingadienine (d18:2/22:0)), Glycosyl-N-behenoyl-sphingadienine (d18:2/22:0) levels, Triacylglycerol (56:6) levels"
Folate Comments,"Serum folate levels, Red blood cell folate levels, Folate pathway vitamin levels, Folate receptor alpha levels, Folate receptor beta levels."
Cobalamin (vitamin B12) (Reported Values: >150 pmol/L),"Vitamin B12 levels, Transcobalamin-2 levels, Transcobalamin-1 levels, Holo-Transcobalamin-2 levels, Vitamin B12 levels."
Vitamin B12 Comments,"Vitamin B12 levels, Holo-Transcobalamin-2 levels, Transcobalamin-2 levels, Transcobalamin-1 levels, Folate pathway vitamin levels."
All-trans retinol (Reported Values: 1.46-2.84 µmol/L),"All-trans retinol, Retinol (Vitamin A) levels, Retinol-binding protein 4 levels, Retinol (Vitamin A) levels in elite athletes, Retinol-binding protein 1 levels."
25-hydroxy vitamin D2 (Reported Values: 0-30 nmol/L),"Serum 25-Hydroxyvitamin D levels, 25-hydroxyvitamin D levels, Neonatal total 25-hydroxyvitamin D levels (cord blood), Midgestational total 25-hydroxyvitamin D levels (antenatal blood), Vitamin D3 levels"
25-hydroxy vitamin D3 (Reported Values: 32.4-98.5 nmol/L),"25-Hydroxyvitamin D levels, Serum 25-Hydroxyvitamin D levels, Neonatal total 25-hydroxyvitamin D levels (cord blood), Midgestational total 25-hydroxyvitamin D levels (antenatal blood), Midgestational total 25-hydroxyvitamin D levels (maternal genetic effect)"
alpha-tocopherol (Reported Values: 18.9-38.8.0 µmol/L),"Alpha-tocopherol levels, Gamma-tocopherol/beta-tocopherol levels, Oleoyl-arachidonoyl-glycerol (18:1/20:4) [2] levels, Oleoyl-arachidonoyl-glycerol (18:1/20:4) [1] levels, 1-oleoyl-2-arachidonoyl-GPE (18:1/20:4) levels."
gamma-tocopherol (Reported Values: 2-11 µmol/L),"Gamma-tocopherol/beta-tocopherol levels, Oleoyl-arachidonoyl-glycerol (18:1/20:4) [1] levels, Oleoyl-arachidonoyl-glycerol (18:1/20:4) [2] levels, Gamma-tocopherol/beta-tocopherol levels in elite athletes, 1-oleoyl-2-linoleoyl-GPC (18:1/18:2) levels."
Total cholesterol [Assay Method: Colorimetric (Beckman AU5800)],"Total cholesterol levels, Serum total cholesterol levels, Cholesterol, total, Total Cholesterol in IDL, Non-HDL cholesterol levels."
Triglycerides [Assay Method: Colorimetric (Beckman AU5800)],"Triglyceride levels, Serum total triglyceride levels, Triacylglyceride levels, Triglycerides in IDL, Triglyceride levels in IDL."
High density lipoprotein cholesterol [Assay Method: Enzymatic (Beckman AU5800)],"High density lipoprotein cholesterol levels, HDL cholesterol, High density lipoprotein cholesterol levels (UKB data field 30760), High-density lipoprotein 2 cholesterol levels, High-density lipoprotein 3 cholesterol levels"
Low density lipoprotein cholesterol [Calculated using Friedwald equation: LDL = CHOL - HDL - TG/2.2. Note: Invalid (indicated by 8888) if triglycerides is more than or equals to 4.5],"Low density lipoprotein cholesterol levels, Direct low density lipoprotein cholesterol levels, Clinical LDL cholesterol levels, LDL cholesterol, LDL cholesterol levels (UKB data field 23405)"
Derived Variable: Ratio of Total Cholesterol:High-density Lipoprotein Cholesterol,"LDL cholesterol to HDL cholesterol ratio, High density lipoprotein cholesterol levels, NHDL cholesterol to HDL cholesterol ratio, High density lipoprotein cholesterol levels (UKB data field 30760), Total cholesterol to total lipids ratio in large HDL"
Derived Variable: Ratio of Triglycerides:High-density Lipoprotein Cholesterol,"Triglycerides to HDL cholesterol ratio, Ratio of diacylglycerol to triglycerides, Triglycerides to phosphoglycerides ratio (UKB data field 23435), HDL Cholesterol - Triglycerides (HDLC-TG), HDL cholesterol and triglyceride levels."
Insulin [Assay Method: Sandwich immunoassay (Beckman DxI 800)],"Insulin levels, Insulin levels in response to oral glucose tolerance test (120 minutes), Insulin levels in response to oral glucose tolerance test (30 minutes), Insulin levels in response to oral glucose tolerance test (fasting), 2-hour postprandial insulin levels in prediabetes."
Creatinine [Assay Method: Endpoint creatininase (Beckman AU5800) The creatinine assay calibration is traceable to an isotope dilution mass spectrometry (IDMS) reference method using the National Institutes of Standards and Technology (NIST) Standard Reference Material 967.],"Creatinine levels (UKB data field 23478), Serum creatinine levels, Urinary creatinine levels, Estimated glomerular filtration rate (creatinine), Glomerular filtration rate (creatinine)"
High sensitivity C-reactive protein [Assay Method: Colorimetric (Beckman AU5800)]. Low values (<0.1) indicated by 8888,"High-sensitivity C-reactive protein levels, C-reactive protein levels, Serum C-reactive protein concentration, Serum C-reactive protein concentration in inactive individuals, Serum C-reactive protein concentration in non-obese individuals."
Alanine transaminase [Assay Method: Enzymatic (Beckman AU5800) without addition of pyridoxal-5-phosphate co-factor]. Low values (<6) indicated by 8888,"Alanine transaminase levels, Liver enzyme levels (alanine transaminase), Alanine aminotransferase levels, Alanine transaminase levels in high alcohol intake, Alanine aminotransferase 1 levels"
Aspartate transaminase [Assay Method: Enzymatic (Beckman AU5800) without addition of pyridoxal-5-phosphate co-factor],"Aspartate aminotransferase levels (UKB data field 30650), Aspartate aminotransferase levels, Aspartate aminotransferase, cytoplasmic levels, Liver enzyme levels (aspartate transaminase), Serum glutamic-oxaloacetic transaminase levels"
Gamma glutamyl transferase [Assay Method: Colorimetric (Beckman AU5800)]. Low values (<10) indicated by 8888,"Gamma glutamyl transferase levels, Gamma-glutamyl transpeptidase levels, Liver enzyme levels (gamma-glutamyl transferase), Gamma glutamyl transpeptidase, Gamma glutamyl transferase levels in low alcohol consumption"
Uric acid [Assay Method: Colorimetric (Beckman AU5800)]. Low values (<89) indicated by 8888,"Serum uric acid levels, Serum urate levels, Urinary uric acid excretion, Urine uric Acid levels, Uric acid clearance."
Lipemia,"Hypo-HDL-cholesterolemia, Dyslipidemia, Disorders of lipid metabolism, Hyperlipidemia, Lipid or lipoprotein levels"
Icterus,"Icterus, Iritis, Pollinosis, Hypospadias, Ringworm."
Total cholesterol (Reference Range: < 5.2 mmol/L desirable; 5.2 - 6.1 mmol/L borderline high; ≥ 6.2 mmol/L high; Assay Method: Colorimetric (Beckman AU5800)),"Total cholesterol levels, Serum total cholesterol levels, Total cholesterol levels (UKB data field 23400), Total cholesterol levels (MTAG), Clinical LDL cholesterol levels (UKB data field 23404)"
Triglycerides (Reference Range: < 1.7 mmol/L optimal; 1.7 - 2.2 mmol/L desirable; 2.3 - 4.4 mmol/L high; ≥ 4.5 mmol/L very high; Assay Method: Colorimetric (Beckman AU5800)),"Triglycerides (50:4) levels, Triglycerides (56:9) levels, Triglycerides (58:10) levels, Triglycerides (56:1) levels, Triglycerides (56:2) levels."
High density lipoprotein cholesterol (Reference Range: < 1.0 mmol/L low; 1.0 - 1.5 mmol/L desirable; ≥ 1.6 mmol/L optimal; Assay Method: Enzymatic (Beckman AU5800)),"High density lipoprotein cholesterol levels, HDL cholesterol levels, High-density lipoprotein levels, HDL cholesterol levels (UKB data field 23406), HDL cholesterol."
Low density lipoprotein cholesterol=CHOL-HDL-TG/2.2 (Reference Range: < 2.5 mmol/L optimal; 2.6 - 3.3 mmol/L desirable; 3.4 - 4.0 mmol/L borderline high; 4.1 - 4.8 mmol/L high; ≥ 4.9 mmol/L; Assay Method: Calculated LDL-C = CHOL - HDL-C - TG/2.2),"Low density lipoprotein cholesterol levels, Direct low density lipoprotein cholesterol levels, Clinical LDL cholesterol levels, Clinical LDL cholesterol levels (UKB data field 23404), LDL cholesterol levels (UKB data field 23405)"
Derived Variable: Ratio of Total Cholesterol:High-density Lipoprotein Cholesterol (Reference Range: > 4.5 high risk for CHD),"Total cholesterol levels (UKB data field 23400), HDL cholesterol levels (UKB data field 23406), NHDL cholesterol to HDL cholesterol ratio, LDL cholesterol to HDL cholesterol ratio, Total cholesterol minus HDL-C levels (UKB data field 23401)"
Insulin (Reference Range: 0-25 mU/L; Assay Method: Sandwich immunoassay (Beckman DxI 800)),"Insulin levels, Insulin resistance, Acute insulin response, Peak insulin response (insulin secretion adjusted), Fasting insulin (adjusted for BMI) or polycystic ovary syndrome (pleiotropy)"
Creatinine (Reference Range: 50 – 90 umol/L; Assay Method: Endpoint creatininase (Beckman AU5800); Remarks: The creatinine assay calibration is traceable to an isotope dilution mass spectrometry (IDMS) reference method using the National Institutes of Standards and Technology (NIST) Standard Reference Material 967.),"Creatinine levels, Creatinine levels (UKB data field 23478), Creatinine levels (UKB data field 30700), Serum creatinine levels, Plasma metabolome feature (hilic_502) (Creatinine)"
High sensitivity C-reactive protein (Reference Range: < 1 mg/L low risk; 1.0 - 3.0 mg/L average risk; > 3.0 mg/L high risk; Assay Method: Colorimetric (Beckman AU5800)). Low values (<0.1) indicated by 8888,"High-sensitivity C-reactive protein levels, C-reactive protein levels (CRP.4337.49.2), C-reactive protein levels, Serum C-reactive protein concentration, C-reactive protein levels (MTAG)"
Alanine transaminase (Reference Range: 10 – 70 U/L; Assay Method: Enzymatic (Beckman AU5800); Remarks: without addition of pyridoxal-5-phosphate co-factor). Low values (<6) indicated by 8888,"Alanine transaminase levels, Liver enzyme levels (alanine transaminase), Alanine aminotransferase levels, Alanine aminotransferase 1 levels, Alanine aminotransferase levels (UKB data field 30620)"
Aspartate transaminase (Reference Range: 10 – 50 U/L; Assay Method: Enzymatic (Beckman AU5800); Remarks: without addition of pyridoxal-5-phosphate co-factor),"Aspartate aminotransferase levels (UKB data field 30650), Aspartate aminotransferase levels, Liver enzyme levels (aspartate transaminase), Serum glutamic-oxaloacetic transaminase levels, Aspartate transaminase levels in high alcohol intake."
Gamma glutamyl transferase (Reference Range: 10 – 80 U/L; Assay Method: Colorimetric (Beckman AU5800)). Low values (<10) indicated by 8888,"Gamma glutamyl transferase levels, Liver enzyme levels (gamma-glutamyl transferase), Gamma glutamyl transpeptidase, Protein-glutamine gamma-glutamyltransferase 2 levels, Protein-glutamine gamma-glutamyltransferase E levels"
Uric acid (Reference Range: 150 – 370 umol/L; Assay Method: Colorimetric (Beckman AU5800)),"Serum uric acid levels, Urine uric Acid levels, Serum urate levels, Urinary uric acid excretion, Glomerular load of uric acid"
Hemolysis (Reference Range: 50),"Sickle cell anemia (haemolysis), hemolysis of donated blood (osmotic), hemolysis of donated blood (oxidative), hemolysis of donated blood (cold-storage), Osmotic hemolysis of cold stored red blood cells"
Lipemia (Reference Range: 40),"Lipid or lipoprotein levels, Low-density lipoprotein levels, High-density lipoprotein levels, Low high density lipoprotein cholesterol levels, Low density lipoprotein cholesterol levels"
Icterus (Reference Range: 2),"IDP dMRI TBSS MD Cingulum cingulate gyrus L, IDP dMRI TBSS L2 Cingulum cingulate gyrus L, IDP dMRI TBSS L3 Cingulum cingulate gyrus L, IDP dMRI TBSS ICVF Cingulum cingulate gyrus L, DTI TBSS MD Cingulum cingulate gyrus L"
2-Hour Insulin. High values (>300) indicated by 8888,"2-hour postprandial insulin levels in prediabetes, Insulin levels in response to oral glucose tolerance test (120 minutes), Oral glucose tolerance test-2h, Two-hour glucose, Incremental insulin."
Notes about data,"Intelligence (MTAG), Verbal-numerical reasoning, Academic attainment (maths), Academic attainment (science), Working memory"
Choline (Reported Values: 5-15),"Choline levels, Total cholines levels, Total cholines levels (UKB data field 23436), Choline levels (advanced age), RBC levels of Choline"
Trimethylamineoxide (Reported Values: 0.5-60),"Trimethylamine n-oxide levels, Plasma trimethylamine N-oxide levels, Trimethylamine N-oxide levels in elite athletes, Metabolite levels (N-6-trimethyllysine; N6,N6,N6-trimethyllysine; N6.N6.N6-trimethyllysine), Plasma trimethyllysine levels"
Betaine (Reported Values: 20-60),"Betaine levels, Betaine levels in individuals undergoing cardiac evaluation, Betaine levels in elite athletes, Plasma betaine levels in chronic kidney disease, Urine betaine levels in chronic kidney disease"
Dimethylglycine (Reported Values: 1.5-5),"Dimethylglycine levels, Dimethylglycine levels in elite athletes, Dimethylglycine levels in chronic kidney disease, Metabolite levels (dimethylglycine), Picolinoylglycine levels"
Total homocysteine (Reported Values: 6-20),"Homocysteine levels, Plasma homocysteine levels, Plasma homocysteine levels (post-methionine load test), Cysteine levels, RBC levels of S-Adenosyl-L-homocysteine"
Creatine (Reported Values: 10-100),"Creatine levels, Metabolite levels (creatine), Creatine levels in elite athletes, Creatinine levels in elite athletes, Creatine kinase levels"
Creatinine (Reported Values: 50-100),"Creatinine levels, Serum creatinine levels, Urinary creatinine levels, Chronic kidney disease and serum creatinine levels, Estimated glomerular filtration rate (creatinine)"
Methionine (Reported Values: 18-50),"Methionine levels, Methionine levels (Biocrates platform), Methionine levels (Metabolon platform), RBC levels of Methionine, Methionine levels in elite athletes"
Methionine sulfoxide (Reported Values: 0.5-5),"Methionine sulfoxide levels, Methioninesulfoxide levels, Methionine sulfoxide levels in elite athletes, Urine methionine sulfoxide levels in chronic kidney disease, Mitochondrial peptide methionine sulfoxide reductase levels."
Total cysteine (Reported Values: 150-400),"Cysteine levels, Cysteine s-sulfate levels, Cysteine sulfinic acid levels, Cysteinylglycine levels, Cysteine levels in elite athletes."
Histidine (Reported Values: 50-100),"Histidine levels, Histidine levels (UKB data field 23463), Histidine levels (Biocrates platform), Histidine levels (Metabolon platform), Histidine levels in elite athletes."
3-Methylhistidine (3-MH) (Reported Values: 2.7-10),"3-methylhistidine levels in elite athletes, Plasma N-acetyl-3-methylhistidine* levels in chronic kidney disease, N-acetyl-3-methylhistidine levels in elite athletes, Urine 1-methylhistidine levels in chronic kidney disease, N-acetyl-3-methylhistidine levels."
1-Methylhistidine (1-MH); <Limit Of Detection indicated by 8881 (Reported Values: 0.5-15),"1-Methylhistidine (1-MH) levels, 1-methylhistidine levels in elite athletes, Urine 1-methylhistidine levels in chronic kidney disease, Metabolite levels (1-methylhistidine), N-acetyl-1-methylhistidine levels"
Citrulline (Reported Values: 10-60),"N-acetylcitrulline levels, RBC levels of Citrate, Metabolite levels (N-acetylhomocitrulline), L-Citrulline to 3-Indolepropionic acid ratio in coronary artery disease, Postprandial citrate"
Ornithine (Reported Values: 30-90),"Ornithine levels, Ornithine levels (Biocrates platform), Metabolite levels (ornithine), Ornithine levels in elite athletes, Ornithine levels (Metabolon platform)"
Arginine (Reported Values: 40-100),"Arginine levels, Arginine levels (Biocrates platform), L-arginine levels, Metabolite levels (arginine), Arginine levels (Metabolon platform)"
Asymmetric dimethylarginine (Reported Values: 0.4-0.8),"Asymmetrical dimethylarginine levels, Serum dimethylarginine levels (asymmetric/symetric ratio), Symmetrical dimethylarginine levels, Symmetric dimethylarginine levels, Dimethylarginine (sdma + adma) levels."
Symmetric dimethylarginine (Reported Values: 0.4-0.9),"Symmetric dimethylarginine levels, Symmetrical dimethylarginine levels, Serum dimethylarginine levels (asymmetric/symetric ratio), Dimethylarginine (sdma + adma) levels, Symmetric dimethylarginine levels in chronic kidney disease."
Homoarginine (Reported Values: 1-6),"Homoarginine levels, Metabolite levels (homoarginine), Plasma homoarginine levels in chronic kidney disease, Urine homoarginine levels in chronic kidney disease, Homoarginine levels in elite athletes."
Trimethyllysine (Reported Values: 0.3-2),"Plasma trimethyllysine levels, N6,n6,n6-trimethyllysine levels, Hydroxy-N6,N6,N6-trimethyllysine levels, Metabolite levels (N-6-trimethyllysine; N6,N6,N6-trimethyllysine; N6.N6.N6-trimethyllysine), Trimethylamine levels."
Butyrobetaine; <Limit Of Detection indicated by 8881 (Reported Values: 0.4-2),"Metabolite levels (deoxycarnitine; butyrobetaine), Butyrylcarnitine levels (Biocrates platform), Butyrate/isobutyrate (4:0) levels, 1-myristoyl-2-docosahexaenoyl-GPC (14:0/22:6) levels, 1-oleoyl-2-docosahexaenoyl-GPE (18:1/22:6) levels"
Carnitine (Reported Values: 20-80),"Carnitine levels, Carnitine levels (Biocrates platform), Carnitine levels (Metabolon platform), Metabolite levels (carnitine), RBC levels of L-Carnitine."
Acetylcarnitine (Reported Values: 3-15),"Acetylcarnitine levels, Acetylcarnitine (c2) levels, Acetylcarnitine levels (Biocrates platform), Acetylcarnitine levels (Metabolon platform), Metabolite levels (acetylcarnitine; acetylcarnitine (C2); C2 carnitine; C2_carnitine)"
Propionylcarnitine (Reported Values: 0.2-1.5),"Propionylcarnitine levels, Propionylcarnitine levels (Biocrates platform), Propionylcarnitine (c3) levels, Metabolite levels (propionylcarnitine; propionylcarnitine (C3); C3 carnitine; C3_carnitine), Propionylcarnitine levels (Metabolon platform)"
Butyrylcarnitine (Reported Values: 0.1-0.5),"Butyrylcarnitine levels, Butyrylcarnitine levels (Biocrates platform), Butyrylcarnitine (C4) levels, Butyrylcarnitine levels (Metabolon platform), Metabolite levels (butyrylcarnitine; butyrylcarnitine (C4); C4 carnitine; C4_carnitine)"
Isovalerylcarnitine; <Limit Of Detection indicated by 8881 (Reported Values: 0.06-0.2),"Isovalerylcarnitine levels, Isovalerylcarnitine levels (Biocrates platform), Isovalerylcarnitine (C5) levels, Isovalerylcarnitine levels (Metabolon platform), Metabolite levels (isovalerylcarnitine; isovalerylcarnitine (C5); C5 carnitine; C5_carnitine)"
Glutarylcarnitine; <Limit Of Detection indicated by 8881 (Reported Values: <0.05),"Glutarylcarnitine (C5) levels, Glutarylcarnitine (c5-dc) levels, Glutaroyl carnitine levels (Biocrates platform), Glutaroyl carnitine levels, 3-methylglutarylcarnitine (2) levels"
Hexanoylcarnitine (Reported Values: 0.01-1.2),"Hexanoylcarnitine levels, Hexanoylcarnitine levels (Biocrates platform), Hexanoylcarnitine (C6) levels, Metabolite levels (hexanoylcarnitine; hexanoylcarnitine (C6); C6 carnitine; C6_carnitine), Hexanoylcarnitine levels (Metabolon platform)"
Octanoylcarnitine (Reported Values: 0.06-0.3),"Octanoylcarnitine levels (Biocrates platform), Octanoylcarnitine levels, Octanoylcarnitine (c8) levels, Octanoylcarnitine levels (Metabolon platform), Metabolite levels (octanoylcarnitine; octanoylcarnitine (C8); C8 carnitine; C8_carnitine)"
Decanoylcarnitine (Reported Values: 0.2-1),"Decanoylcarnitine levels, Decanoylcarnitine levels (Biocrates platform), Decanoylcarnitine levels (Metabolon platform), Metabolite levels (decanoylcarnitine; decanoylcarnitine (C10); C10 carnitine; C10_carnitine), Acylcarnitine (10:0) levels."
Dodecanoylcarnitine (Reported Values: <0.4),"Laurylcarnitine levels (Biocrates platform), Laurylcarnitine levels, Acylcarnitine (12:0) levels, Acylcarnitine (14:0) levels, Acylcarnitine (14:1) levels"
Pyridoxal 5'-phosphate (Reported Values: 15-150),"Pyridoxal 5'-phosphate levels, Plasma pyridoxal phosphate levels, RBC levels of Pyridoxamine 5'-phosphate, Plasma pyridoxal phosphate to pyridoxal ratio, Cerebrospinal fluid pyridoxal phosphate levels."
Pyridoxal (Reported Values: 5-150),"Pyridoxal levels, RBC levels of Pyridoxal, Urine pyridoxal levels in chronic kidney disease, Pyridoxal levels in elite athletes, Cerebrospinal fluid pyridoxal phosphate levels."
4-Pyridoxic acid (Reported Values: 10-200),"Plasma pyridoxic acid to pyridoxal phosphate ratio, Pyridoxal levels, Pyridoxamine levels, Plasma pyridoxal phosphate levels, Plasma pyridoxal phosphate to pyridoxal ratio."
Thiamine (Reported Values: 2-50),"Thiamin pyrophosphokinase 1 levels, Thiamine-triphosphatase levels, Threonate levels, Metabolite levels (threonine), Metabolite levels (erythronate; erythronate/threonate)"
Thiamine monophosphate (Reported Values: 2-15),"Thiamine-triphosphatase levels, Thiamin pyrophosphokinase 1 levels, Serum levels of protein THPO, Phosphatidylinositol 3,4,5-trisphosphate 5-phosphatase 1 levels, Phosphatidylinositol 3,4,5-trisphosphate 5-phosphatase 2 levels"
Riboflavin (Reported Values: 5-100),"Riboflavin kinase levels (RFK.13059.33.3), Riboflavin kinase levels, Metabolite levels (ribitol), Ribitol levels, Urine ribitol levels in chronic kidney disease."
Flavin mononucleotide (Reported Values: 3-30),"Flavin adenine dinucleotide (FAD) levels, Flavin reductase levels, Riboflavin kinase levels (RFK.13059.33.3), Ficolin-1 levels, Ficolin-2 levels"
Cystathionine (Reported Values: <0.4),"Cystathionine levels, Urine cystathionine levels in chronic kidney disease, Plasma cystathionine levels in chronic kidney disease, Cystathionine levels in elite athletes, Metabolite levels (cystathionine; cmh_cystathionine)"
Neopterin (Reported Values: 5-50),"Neopterin (Reported Values: 5-50) from Urine neopterin levels in chronic kidney disease, Dihydrobiopterin levels, Serum levels of protein NPPB, Serum levels of protein NPPA, Neuroendocrine secretory protein 55 levels, Protocadherin-12 levels."
Tryptophan (Reported Values: 40-90),"Tryptophan levels, Tryptophan levels (Biocrates platform), Metabolite levels (tryptophan), Tryptophan levels in elite athletes, Tryptophan levels (Metabolon platform)"
Kynurenine (Reported Values: 1.0-3.0),"Kynurenine levels, Plasma kynurenine levels in chronic kidney disease, Plasma kynurenine levels in major depressive disorder, Plasma metabolome feature (hilic_2278) (Kynurenine), Urine kynurenine levels in chronic kidney disease"
Kynurenic acid (Reported Values: 20-100),"Metabolite levels (kynurenate; kynurenic acid; kynurenic_acid; Kynurenic_acid), Plasma kynurenine levels in chronic kidney disease, Urine kynurenine levels in chronic kidney disease, Kynurenate levels in elite athletes, Kynurenine levels in elite athletes."
Quinaldic acid (Reported Values: 0.2-100),"Quinate levels, Quinolinate levels, Plasma metabolome feature (c18_713) (Quinolinic acid), Decadienedioic acid (c10:2-dc) (X-21792) levels, Quinate levels in elite athletes."
Anthranilic acid (Reported Values: 7-30),"N-formylanthranilic acid levels, 3-hydroxyanthranilate 3,4-dioxygenase levels (HAAO.5861.78.3), 2,6-dihydroxybenzoic acid levels, Metabolite levels (2,6-dihydroxybenzoic acid (X-09789)), Oxaloacetic acid levels"
3-Hydroxykynurenine (Reported Values: 25-80),"Metabolite levels (kynurenine; cmh_kynurenine; Kynurenine), Kynurenine levels, Plasma metabolome feature (hilic_2278) (Kynurenine), Metabolite levels (N-acetylkynurenine (2)), N-acetylkynurenine (2) levels."
Xanthurenic acid (Reported Values: 2-35),"Xanthurenate levels, Metabolite levels (xanthurenate; cmh_xanthurenate; Xanthurenate), Urine xanthurenate levels in chronic kidney disease, Plasma xanthurenate levels in chronic kidney disease, Xanthurenate levels in elite athletes"
3-Hydroxyanthranilic acid (Reported Values: 10-80),"3-hydroxyhippurate levels, 3-hydroxyanthranilate 3,4-dioxygenase levels, 3-hydroxyhippurate levels in elite athletes, 3-hydroxyhexanoate levels, 3-hydroxyadipate levels"
Picolinic acid (Reported Values: 20-100),"Picolinate levels, Metabolite levels (picolinate), Plasma picolinate levels in chronic kidney disease, Urine picolinate levels in chronic kidney disease, Picolinoylglycine levels"
Quinolinic acid (Reported Values: 150-700),"Plasma metabolome feature (c18_713) (Quinolinic acid), Quinolinate levels, Quinate levels in elite athletes, Metabolite levels (kynurenate; kynurenic acid; kynurenic_acid; Kynurenic_acid), Quinone oxidoreductase levels."
Nicotinic acid (Reported Values: <20),"Nicotinamide levels, Plasma metabolome feature (hilic_4134) (Nicotinic acid mononucleotide), Nicotinamide N-methyltransferase levels, Nicotinamide/nicotinic acid mononucleotide adenylyltransferase 1 levels, Nicotinamide phosphoribosyltransferase levels (NAMPT.5011.11.1)"
Nicotinamide (Reported Values: 100-600),"Nicotinamide levels, Nicotinamide levels in elite athletes, Nicotinamide N-methyltransferase levels, Nicotinamide phosphoribosyltransferase levels (NAMPT.5011.11.1), Niacinamide levels."
N1-methylnicotinamide (Reported Values: 20-250),"1-methylnicotinamide levels, 1-methylnicotinamide levels in elite athletes, Plasma 1-methylnicotinamide levels in chronic kidney disease, X-12095--N1-methyl-3-pyridone-4-carboxamide levels, Trigonelline (n'-methylnicotinate) levels."
Cotinine (Reported Values: <3000),"Cotinine levels in current smokers, Cotinine levels in smokers with chronic obstructive pulmonary disease, Cotinine glucuronidation, Smoking intensity (cotinine levels/cigarettes per day), Cotinine and 3'-hydroxycotinine levels in current smokers."
Trans-3'-hydroxycotinine (Reported Values: <1500),"Hydroxycotinine levels, Metabolite levels (hydroxycotinine), 3-hydroxyoctanoate levels, Metabolite levels (3-hydroxyoctanoate), Cotinine and 3'-hydroxycotinine levels in current smokers."
Trigonelline (Reported Values: <25),"Triacylglycerol (58:8) [NL-22:6] levels, Triacylglycerol (58:8) levels, Triacylglycerol (58:7) levels, Triglycerides (58:10) levels, Triglycerides (58:9) levels."
Imidazole propionate; <Limit Of Detection indicated by 8881 (Reported Values: 3-500),"Imidazole propionate levels, 1-methyl-5-imidazoleacetate (X-14838) levels, Metabolite levels (1-methylimidazoleacetate; 1-methyl-4-imidazoleacetate; methylimidazoleacetic acid), 1-methyl-4-imidazoleacetate levels, 1-methyl-5-imidazoleacetate levels."
3-Indoxyl sulfate (Reported Values: 0.9-30),"3-indoxyl sulfate levels, 3-indoxyl sulfate levels in elite athletes, RBC levels of Indoxyl, Urine 3-hydroxyindolin-2-one sulfate levels in chronic kidney disease, Metabolite levels (sulfate)"
Indole-3-acetamide; <Limit Of Detection indicated by 8881 (Reported Values: 0-10),"Indole-3-acetamide levels, RBC levels of Indole-3-acetate, Indole-3-carboxylate levels, Indole-3-carboxylic acid levels, Indoleacetate levels."
Indole-3-acetate (Reported Values: 0.3-23),"Indoleacetate levels, RBC levels of Indole-3-acetate, Indolelactate levels, Indolepropionate levels, Indoleacetylglutamine levels"
Indole-3-aldehyde; <Limit Of Detection indicated by 8881 (Reported Values: 0.01-0.20),"Indole-3-carboxylate levels, Indole-3-carboxylic acid levels, Metabolite levels (indole-3-carboxylic acid; indole-3-carboxylate; Indole_3_carboxylate), Metabolite levels (indolepropionate; indole-3-propionate; cmh_indole_pro; Indole_3_propanoate), RBC levels of Indole-3-acetate."
Indole-3-lactate (Reported Values: 0.08-5),"'Metabolite levels (indolelactate; Indole_3_lactate), Indolelactate levels, Indole-3-carboxylate levels, Urine indolelactate levels in chronic kidney disease, Indolelactate levels in elite athletes'"
Indole-3-propionate (Reported Values: 0.5-12),"Metabolite levels (indolepropionate; indole-3-propionate; cmh_indole_pro; Indole_3_propanoate), Indolepropionate levels, 3-Indolepropionic acid levels in coronary artery disease, Metabolite levels (indole-3-carboxylic acid; indole-3-carboxylate; Indole_3_carboxylate), Indole-3-carboxylic acid levels"
Folate (s-Folate) (Reported Values: >7.5),"Serum folate levels, Red blood cell folate levels, Folate pathway vitamin levels, Folate receptor alpha levels, Folate receptor beta levels."
"Cobalamin (vitamin B12, s-B12) (Reported Values: >150)","Vitamin B12 levels, Holo-Transcobalamin-2 levels, Transcobalamin-2 levels, Transcobalamin-1 levels, Holo-Transcobalamin-2 level in Chronic kidney disease with hypertension and no diabetes (5584_21)"
All-trans retinol (Vit. A) (Reported Values: 1.46-2.84),"Retinol (Vitamin A) levels, Retinol levels, Retinol-binding protein 1 levels, Retinol-binding protein 2 levels, Retinol-binding protein 4 levels"
25-hydroxyvitamin-D2 (25OH-D2) (Reported Values: 0-30),"Serum 25-Hydroxyvitamin D levels, Neonatal total 25-hydroxyvitamin D levels (cord blood), Midgestational total 25-hydroxyvitamin D levels (antenatal blood), Vitamin D levels, Vitamin D3 levels."
25-hydroxyvitamin-D3 (25OH-D3) (Reported Values: 32.4-98.5),"Serum 25-Hydroxyvitamin D levels, Neonatal total 25-hydroxyvitamin D levels (cord blood), Midgestational total 25-hydroxyvitamin D levels (antenatal blood), Serum 25-Hydroxyvitamin D levels x season interaction, Neonatal total 25-hydroxyvitamin D levels (maternal genetic effect)"
Alfa-tocopherol (Vit. E) (Reported Values: 18.9-38.8.0),"Alpha-tocopherol levels, Gamma-tocopherol/beta-tocopherol levels, 1-oleoyl-2-eicosapentaenoyl-GPC (18:1/20:5) levels, 1-linoleoyl-2-arachidonoyl-GPC (18:2/20:4n6) levels, 1-stearoyl-2-arachidonoyl-GPE (18:0/20:4) levels."
Gamma-tocopherol (Vit. E) (Reported Values: 2-11),"Gamma-tocopherol/beta-tocopherol levels, Alpha-tocopherol levels, Metabolite levels (1-dihomo-linolenylglycerol (alpha, gamma); 1-dihomo-linolenylglycerol (20:3)), Gamma-enolase levels (ENO2.11083.23.3), Gamma-tocopherol/beta-tocopherol levels in elite athletes."
Phylloquinone (Vit. K1); <Limit Of Detection indicated by 8881 (Reported Values: 0.1-8.7),"Kallikrein-8 levels, Kynureninase levels, NAD(P)H dehydrogenase [quinone] 1 levels, Quinone oxidoreductase-like protein 1 levels, Ubiquinone levels"
Myristoylcarnitine (Reported Values: 0.01-0.1),"Myristoylcarnitine levels, Myristoylcarnitine (C14) levels, Myristoylcarnitine (C14) levels in elite athletes, Acylcarnitine (14:0) levels, Acetyl Myristoylcarnitine levels."
Palmitoylcarnitine (Reported Values: 0.05-0.25),"Palmitoylcarnitine levels, Palmitoylcarnitine levels (Biocrates platform), Palmitoylcarnitine levels (Metabolon platform), Palmitoylcarnitine (C16) levels, RBC levels of L-Palmitoylcarnitine"
Stearoylcarnitine (Reported Values: 0.03-0.1),"Stearoylcarnitine levels, Stearoylcarnitine (C18) levels, Stearoylcarnitine levels (Biocrates platform), Stearoylcarnitine levels (Metabolon platform), Acylcarnitine (18:0) levels."
Oleoylcarnitine (Reported Values: 0.04-0.2),"Oleoylcarnitine (C18:1) levels, Oleoylcarnitine levels, Oleoylcarnitine levels (Biocrates platform), Oleoylcarnitine levels (Metabolon platform), Metabolite levels (oleoylcarnitine; oleoylcarnitine (C18:1); C18:1 carnitine; C18_1_carnitine)"
Linoleylcarnitine (Reported Values: 0.01-0.1),"Linolenoylcarnitine (C18:3) levels, Linoleoylcarnitine (C18:2) levels, Metabolite levels (linolenoylcarnitine (C18:3)), Metabolite levels (linoleoylcarnitine; linoleoylcarnitine (C18:2); C18:2 carnitine; C18_2_carnitine), Metabolite levels (dihomo-linolenoylcarnitine (C20:3n3 or 6))"
